id,track_name,artist_name,acousticness,danceability,energy,valence,instrumentalness,speechiness,tempo,loudness,mode,key,duration_ms,time_signature
1607Fzl8UwZ6VFmXyObIr9,Exit,JAKE SOMMER,0.0592,0.662,0.57,0.125,0.00225,0.0476,119.962,-10.497,1,6,232392,4
6sEVFnBN97Fcq065OsUMVI,Whole World Gone Crazy,Whiskey Myers,0.0108,0.629,0.584,0.714,0.0,0.0375,123.953,-7.015,1,2,184760,4
6Bm6qUCSatPAqkQllFL7oA,Unwell,Matchbox Twenty,0.0298,0.256,0.788,0.429,0.0,0.0403,80.718,-5.263,0,6,228707,4
3YLJiEyzMmi4KxYocN2rD1,Mental Breakdown,What Stuck to the Wall,0.0135,0.748,0.55,0.909,0.897,0.0525,110.932,-9.273,1,7,146216,4
3pRCHHfwYNVCOjWSrkGNw1,Burning Down the House,Paramore,0.0194,0.744,0.768,0.39,0.00757,0.0469,106.006,-6.054,1,0,218093,4
0bAxBAvxJRxBKH2J50wPdZ,I Want,Hurricane on Saturn,0.0035,0.547,0.958,0.452,7.96e-06,0.121,149.979,-2.448,0,9,193100,4
3Z2sglqDj1rDRMF5x0Sz2R,3005,Childish Gambino,0.149,0.473,0.461,0.615,0.0,0.333,165.985,-6.474,0,6,234213,4
1R4kAzLGI0PQBe32NAGP40,Rockin' Little Angel,Ray Smith,0.804,0.646,0.787,0.962,1.51e-06,0.0796,79.156,-5.065,1,0,138707,4
37Tmv4NnfQeb0ZgUC4fOJj,Sultans Of Swing,Dire Straits,0.0614,0.733,0.794,0.931,0.0367,0.0307,148.174,-10.023,1,5,348624,4
5tDUVSIv2wEdOkHCOKHKeI,So Far Away,Dire Straits,0.247,0.718,0.513,0.618,0.169,0.0277,114.324,-9.664,1,4,240000,4
0COqiPhxzoWICwFCS4eZcp,Bring Me To Life,Evanescence,0.00721,0.331,0.943,0.296,2.06e-06,0.0698,94.612,-3.188,0,4,235893,4
05lUyYIxudPjbQzmnYoHjb,Far Beyond The Sun,Yngwie Malmsteen,0.00925,0.16,0.756,0.569,0.73,0.0946,83.388,-13.864,0,5,350027,4
1R8kvV2AgNPCA2Pp4Im1Ao,Baby Hotline,Jack Stauber's Micropop,0.377,0.74,0.357,0.453,0.047,0.0352,119.973,-9.921,1,0,291318,4
6SyI5bEB6a8QGyxekjzBY5,Latin American Idiot,Jon Roger Band,0.000608,0.547,0.794,0.445,0.0122,0.0689,165.018,-5.334,1,1,197818,4
06ioYJ99HHjzRk8HrGfkKS,Drugs,UPSAHL,0.35,0.883,0.415,0.318,0.0,0.174,76.986,-8.571,0,6,155867,4
1eGSgC6ZhJ8D4nrZZ83LyA,Mean Street - 2015 Remaster,Van Halen,0.00585,0.481,0.902,0.608,0.000121,0.0681,102.315,-7.43,1,1,300491,4
7LxIaQ6ar0jLjPQb71KsRo,Baby Take Me Back Home,Darrel Higham & The Enforcers,0.0343,0.645,0.77,0.885,0.00941,0.0996,97.072,-8.6,1,11,124640,4
6vZZtivPrtpggT5SSXsYTy,Solsbury Hill,Peter Gabriel,0.355,0.678,0.631,0.463,0.000268,0.0301,102.378,-8.624,1,11,261560,1
7IXiEF3a1Jl18oLoGu7Uzz,Flyin' Saucers Rock 'N' Roll,Billy Lee Riley,0.681,0.43,0.619,0.703,1.57e-05,0.0648,164.649,-10.434,1,2,122453,4
30MkXkQ5C5Oy17YlH09XF2,Run,SMITH,0.0186,0.862,0.34,0.778,0.00101,0.0721,146.929,-8.168,1,2,213519,4
2hrYoCDQLpMmQyUFmvFuk3,You are my melody,Peter Sheeren,0.0581,0.537,0.468,0.301,0.0,0.0291,145.957,-10.515,1,11,229388,4
4qO03RMQm88DdpTJcxlglY,Call Me,Blondie,0.000785,0.56,0.824,0.74,0.00246,0.0348,142.667,-6.711,0,2,212600,4
5e44bb3F4wTytiwsxjkLSp,Hunter's Mark,Psychic Damage,0.00723,0.266,0.785,0.552,0.0041,0.0422,90.513,-4.848,0,11,213917,3
4IoYz8XqqdowINzfRrFnhi,You Found Me,The Fray,0.0187,0.338,0.803,0.4,0.0,0.0413,151.994,-5.412,0,8,241853,4
4rQfCllOKfgfsZdwvRUT8G,Headstone,Whiskey Myers,0.145,0.393,0.883,0.39,2.88e-05,0.0729,89.983,-5.599,1,2,259160,4
6Qm9MaditCcx5V62rVHYqu,A Thousand Miles,Vanessa Carlton,0.273,0.488,0.832,0.258,0.0,0.0388,94.84,-3.876,1,11,237440,4
39Yut0eDHFTS8cJbPfY5sJ,More Than A Feeling,Vini Contreas,0.133,0.619,0.5,0.732,0.00499,0.0257,109.978,-9.07,1,7,277602,4
3aK8i4QiSGfOkz4xm0yjTk,Break,Good Kid,0.00565,0.254,0.919,0.637,0.0,0.082,192.707,-3.806,1,9,152356,4
2g2a5kDeZexbUTD8abcvm6,Lifestyles of the Rich & Famous,Good Charlotte,0.00043,0.62,0.93,0.609,0.0,0.0374,106.22,-3.685,1,1,190173,4
3KKmvPKlAtHoB92XcldFpG,My Babe,Dale Hawkins,0.385,0.542,0.81,0.563,0.00038,0.195,102.473,-5.881,1,4,147333,4
1pWteqawoaGuNc1UzScstI,"Bar, Guitar and a Honky Tonk Crowd",Whiskey Myers,0.0161,0.605,0.651,0.61,0.000294,0.0234,89.991,-5.672,1,0,197493,4
4uhgCXRS7xEhUU4iWALf1f,Mona Lisa,Whiskey Myers,0.00265,0.568,0.898,0.567,0.0,0.0499,137.836,-5.383,1,7,146219,4
3gN1FtaZd7xzrvh7PMpRVp,Rest In Peace,Jonah Roy,0.406,0.379,0.406,0.155,0.000308,0.0354,137.281,-10.703,1,0,198857,4
6w40zjwprgA1s99VUxvuMx,That'll Be The Day - Decca Version,Buddy Holly,0.61,0.527,0.648,0.882,0.0,0.0323,114.775,-7.469,1,2,150000,4
3tCwjWLicbjsMCvXhN0WOE,Rude,MAGIC!,0.0435,0.743,0.807,0.899,0.0,0.0364,144.062,-3.78,1,1,224773,4
2ZQyksYO4zzhyHNcueL0CP,Home,Phillip Phillips,0.0215,0.592,0.792,0.293,0.0,0.0335,121.001,-5.884,1,0,209227,4
11bD1JtSjlIgKgZG2134DZ,Chasing Cars,Snow Patrol,0.209,0.563,0.592,0.136,5.08e-05,0.0276,104.016,-4.571,1,9,267933,4
0Efs1YYiqSm9hDbCEt7tmp,Rebel Rouser,Duane Eddy,0.409,0.584,0.669,0.742,0.863,0.0349,105.552,-6.523,0,6,145427,4
2GLFHq851GGfGtWZvsz6RX,ARE WE ALRIGHT?,Letters From Suburbia,0.0063,0.544,0.924,0.87,0.0,0.0429,113.98,-5.051,1,4,154069,4
1fyysXwSGNtMeqMBLwW3SI,Breakeven,The Script,0.144,0.63,0.694,0.49,0.0,0.0242,94.034,-4.501,1,10,261427,4
6kJ86Zi4x1LY9KEdjQA5S2,Rock Billy Boogie,Robert Gordon,0.668,0.549,0.832,0.792,0.335,0.0497,193.911,-10.938,0,11,153333,4
5L2r8CrmVzQktcZ5QEiSsE,Take on Me,The Rocker Covers,0.0664,0.454,0.883,0.865,0.00257,0.0487,190.102,-5.413,1,7,232907,4
0ZEhlT9v8CdOKu55zhYGv9,Don't Cry (Original),Guns N' Roses,0.00191,0.437,0.572,0.239,0.00243,0.0339,124.172,-8.648,0,8,284800,4
0zjPTyPqrRUsP2BfOsPiPO,Superglue,Raymond Revel,0.0465,0.602,0.742,0.805,0.253,0.0309,162.044,-8.39,1,6,170568,4
3LAtSeL4EScuLmRpKcZsdn,Words Unsaid,Hopsydian,0.0107,0.558,0.856,0.327,5.84e-05,0.0692,105.005,-6.854,1,1,196286,4
04YEUXO7f7Bmbuilnwv0rA,Baby I Don't Care,Mr. Breathless,0.0288,0.371,0.951,0.949,0.0131,0.044,191.456,-6.027,1,5,168373,4
2KjUp5M2Y0KnOo1BIto101,The Audience Is Listening,Steve Vai,0.0133,0.432,0.895,0.256,0.000384,0.364,133.166,-8.516,1,9,329973,4
36xZr5VTIBoFSblxHEE4TJ,"Crossroads - Live At Winterland, San Francisco / 1968",Cream,0.389,0.393,0.697,0.851,0.0195,0.0558,131.625,-12.808,1,7,258467,4
25SJaCCPiosugnlY53VhRG,Freaking Out the Neighborhood,Mac DeMarco,0.0639,0.565,0.832,0.847,0.0291,0.108,143.302,-5.751,0,8,173889,4
3A6Ty55vQ1NC06EiB1fi9z,No More Heroes - 1996 Remaster,The Stranglers,0.000109,0.293,0.933,0.837,0.145,0.0701,150.994,-8.082,1,0,207440,4
68BTFws92cRztMS1oQ7Ewj,All You Need Is Love - Remastered 2009,The Beatles,0.349,0.399,0.481,0.652,3.17e-05,0.0296,103.379,-7.768,1,7,230387,4
3TeYo0JqXczzdAvwcdm7Li,Wild Child,Lee Rocker,0.0148,0.571,0.969,0.871,0.0,0.0448,95.016,-2.863,1,7,115426,4
7wZUrN8oemZfsEd1CGkbXE,Bleeding Love,Leona Lewis,0.188,0.638,0.656,0.225,0.0,0.0357,104.036,-5.886,1,5,262467,4
3eekarcy7kvN4yt5ZFzltW,HIGHEST IN THE ROOM,Travis Scott,0.0546,0.598,0.427,0.0605,5.83e-06,0.0317,76.469,-8.764,0,7,175721,4
3ixTiPABjqkBKPocxq6oIe,Don't Look Back In Anger,Oasis,0.0331,0.346,0.916,0.249,3.82e-06,0.0703,164.005,-3.588,1,0,287827,4
2VkbNZ4sqn3h1PjLvh1sY1,Alone With Me,Pan Is Alive,0.00396,0.47,0.819,0.51,6.97e-05,0.031,147.853,-6.319,1,3,277320,4
6qUEOWqOzu1rLPUPQ1ECpx,Walk This Way (feat. Aerosmith),Run–D.M.C.,0.0174,0.761,0.711,0.947,0.000101,0.0604,105.448,-7.989,1,9,310387,4
028njLMKzGg4gAVSgMeOhm,Hum Hallelujah,Fall Out Boy,0.00796,0.466,0.958,0.658,0.0,0.0639,183.959,-3.302,1,2,230507,4
5VWmMZCfJ4yVkJw9ZLFXej,"1, 2, 3, 4",Plain White T's,0.566,0.458,0.55,0.56,1.39e-05,0.0262,90.56,-7.092,1,2,198360,4
5OVofGV3opkR1hq0C9RSCu,100 Years,Five For Fighting,0.586,0.636,0.561,0.293,1.51e-05,0.0279,120.471,-7.482,1,7,244667,4
3EYOJ48Et32uATr9ZmLnAo,Roxanne,The Police,0.0384,0.618,0.748,0.663,4.1e-06,0.358,134.114,-8.905,1,0,191947,4
5PntSbMHC1ud6Vvl8x56qd,Loser,Beck,0.0337,0.654,0.611,0.786,0.000178,0.119,85.387,-10.45,1,2,235000,4
6rJ7PJwuHxOKW4MVutgpZP,Twentieth Century Boy,The Big Six,0.405,0.529,0.819,0.866,0.00385,0.0527,180.198,-9.951,1,9,187373,4
0qp8MuZNKelOGTK2HPlXBA,Kids Turned Out Fine,A$AP Rocky,0.275,0.302,0.669,0.127,3.58e-05,0.238,164.8,-9.404,1,1,183120,5
5iSEsR6NKjlC9SrIJkyL3k,Pursuit Of Happiness (Nightmare),Kid Cudi,0.484,0.629,0.606,0.288,0.0001,0.0412,115.275,-8.951,1,0,295293,4
1yRqfRPo6HEeBpMTjH8roN,Only Man,The Hellbound Hepcats,0.624,0.217,0.961,0.53,2.2e-05,0.129,201.496,-4.632,0,4,188840,4
0lB69AOLAMGpWBMBtIdORj,Bury My Bones,Whiskey Myers,0.00119,0.542,0.659,0.525,1.53e-05,0.0308,128.024,-5.128,1,2,259851,4
2Z8WuEywRWYTKe1NybPQEW,Ride,Twenty One Pilots,0.00835,0.645,0.713,0.566,0.0,0.0393,74.989,-5.355,1,6,214507,4
1aCbgEpNyOxv3NiGK3Y9GS,Wolf Teeth,JD McPherson,0.277,0.778,0.879,0.921,0.00283,0.0766,98.346,-7.085,0,4,176880,4
0BRHnOFm6sjxN1i9LJrUDu,The Anthem,Good Charlotte,0.00666,0.494,0.939,0.893,0.0,0.126,177.751,-3.127,1,1,175093,4
2kMb9cWueVYrKPJDMB1sad,Lost Gem,Johnny Fialdini,0.00369,0.531,0.885,0.396,0.0328,0.0649,135.901,-5.485,0,6,197466,4
7ANYGN2NZ2ac9NCEu4Y9wp,Into the Flood,Anaria,0.191,0.337,0.757,0.172,0.0,0.0341,148.098,-3.019,0,1,265946,4
4yshHBPp0MoVynV1sMCKV3,Send Me On My Way,Rusted Root,0.138,0.495,0.774,0.715,1.31e-05,0.0718,119.398,-6.543,1,0,261707,4
5X4RBTKTA0FENrLxHUfZkr,Action Packed,Ronnie Dawson,0.0229,0.586,0.771,0.818,5.93e-06,0.159,141.684,-7.35,1,7,137920,4
0LTZD4vTsp0EN1wXatc9IR,Paranoid Android,Radiohead,0.0342,0.328,0.762,0.274,0.00876,0.0476,125.75,-8.651,1,5,383507,4
69MJsBLAOVYMaxXgtCUGKw,Take Me Up,DNA's Evolution,0.00111,0.354,0.687,0.23,0.101,0.0435,124.015,-9.198,0,11,445940,4
5yogRsv5ggT6iCnFgvdpho,Stray Cat Strut,Stray Cats,0.0957,0.679,0.609,0.695,0.00113,0.0347,132.467,-9.482,0,0,198000,4
15rjQH7nTcTomKwfVMd4xl,Go Your Own Way,Fleetwood Mac,0.0219,0.597,0.812,0.823,0.00106,0.0315,135.68,-12.062,1,5,218400,4
4GpMYU4CjxVcZAo6mYKaKB,Brighton Rock - Remastered 2011,Queen,0.355,0.354,0.843,0.348,0.0126,0.378,137.62,-9.17,0,11,310013,4
2xcrseImDFEf8Urommws03,New Sensation,INXS,0.00723,0.682,0.954,0.928,4e-05,0.0625,115.475,-4.951,1,9,220160,4
33daxw6GPN2xtcTvbB6QGK,哀歌～Elegy～,奈落(the Naraka),0.000783,0.381,0.971,0.321,0.201,0.133,189.886,-5.141,0,11,262737,3
3NC4vAaQ4zpP4SVOw55UAZ,Country Girls,The Hellbound Hepcats,0.447,0.582,0.936,0.897,3.12e-05,0.0362,119.771,-7.51,1,7,197867,4
2OBofMJx94NryV2SK8p8Zf,Bohemian Rhapsody - Remastered 2011,Queen,0.256,0.393,0.398,0.236,0.0,0.0514,143.353,-9.973,0,0,355467,4
3U2aF159Zbr0B02tA4LlsI,Statesboro Blues,Allman Brothers Band,0.137,0.467,0.669,0.673,0.00933,0.0559,126.917,-9.399,1,2,284480,4
1L94M3KIu7QluZe63g64rv,Alive,Pearl Jam,0.00752,0.284,0.875,0.595,0.000461,0.0422,75.009,-6.069,0,11,340907,4
4sJOuZGBuoNhtocxAO9IkC,Breaking All Illusions,Dream Theater,0.0111,0.297,0.852,0.342,0.0696,0.0505,149.989,-7.265,0,2,745547,4
4nBQ2ZR8gDolVPfo3DhYM7,Ooh! My Head,Ritchie Valens,0.752,0.692,0.868,0.589,2.14e-05,0.086,80.433,-7.825,1,4,110733,4
4ZMzVW03g09wJQNYkEHemV,Omorfi Nychta,The Selfie Project Band,0.193,0.308,0.56,0.371,0.00044,0.029,179.826,-6.749,0,9,237259,3
78RIER8V6EhrqVPOBi2GYa,Here Comes the Rain Again - Remastered Version,Eurythmics,0.0139,0.648,0.755,0.607,0.000253,0.03,126.341,-7.901,1,0,294587,4
51KKQAgYFoJHgVIuJWHdHb,Graceland,Paul Simon,0.626,0.732,0.705,0.848,0.00068,0.0349,117.925,-9.271,1,9,291200,4
28uYT25wQ2jGEPH1VpVGu4,Take Your Time,Northern Labour Party,0.000688,0.449,0.866,0.576,0.544,0.0312,144.776,-3.998,1,9,212232,4
1Sg4z7BnFzgOOV5Q8TtiC2,Stutterin' Papa,Buck Griffin,0.26,0.668,0.791,0.834,0.0,0.0841,163.916,-5.109,1,2,180245,4
5PBFhuXB9tgBaP31nfbkS5,Absolute Beginners - 2002 Remaster,David Bowie,0.0712,0.563,0.77,0.43,0.125,0.0388,114.229,-8.672,1,2,337667,4
1lcGUYAKk1cjdtLn4nza0O,We Don't Want To Look Into A Bluesy Future,Dr. J. B. Blues,0.0408,0.466,0.552,0.265,0.0892,0.0252,80.044,-7.242,1,1,325627,4
34iOH7LY3vme5rQxsVILZ4,Love Will Tear Us Apart - 2020 Remaster,Joy Division,0.000541,0.527,0.923,0.899,0.765,0.0379,146.924,-7.458,1,2,208453,4
1agVrzicFWExgEiAtk8lmr,Cum on Feel the Noize,Slade,0.00155,0.398,0.86,0.564,0.683,0.0663,138.09,-4.574,1,7,264880,4
60a0Rd6pjrkxjPbaKzXjfq,In the End,Linkin Park,0.00958,0.556,0.864,0.4,0.0,0.0584,105.143,-5.87,0,3,216880,4
3ExNcJ7LkInTekJg13FQSq,Satch Boogie,Joe Satriani,0.00285,0.46,0.951,0.336,0.833,0.108,108.005,-6.869,1,2,192600,4
5P5cGNzqh6A353N3ShDK6Y,Bad Romance,Lady Gaga,0.00305,0.697,0.921,0.721,3.65e-05,0.0391,118.99,-3.75,1,0,294573,4
6SMBy9FlLhfWFXiktUxHbY,Shut Up,Kelli Owens Hutton,0.0802,0.629,0.353,0.761,0.0,0.0312,114.816,-11.988,1,2,122091,4
7G7tgVYORlDuVprcYHuFJh,Don't Dream It's Over,Crowded House,0.0148,0.439,0.421,0.551,4.88e-05,0.0411,81.833,-17.227,1,8,236933,4
0lKTwaoezVFOd1MC6MqViz,Chariot,Gavin DeGraw,0.0586,0.376,0.832,0.443,0.0,0.0448,167.467,-4.329,1,7,239693,4
37CRPk0L5ZpfPeePEPwE0t,Ashes to Ashes - 2017 Remaster,David Bowie,0.273,0.71,0.743,0.866,0.000406,0.0507,120.277,-10.553,1,1,266160,4
4gphxUgq0JSFv2BCLhNDiE,Jailhouse Rock,Elvis Presley,0.41,0.647,0.582,0.915,1.93e-06,0.0755,167.396,-9.538,0,10,146480,4
62ddktpKWzOXvR2Lptefa2,Where the Sun Don't Shine,Whiskey Myers,0.011,0.346,0.731,0.344,0.0,0.0387,83.697,-5.174,1,2,208947,4
1xhe1Vf7AY0AMxBpLAmcyi,"Drugs on M, Pt. 2",Matty Wood$,0.617,0.761,0.502,0.918,0.0,0.316,72.026,-10.928,1,9,109875,4
0d2iYfpKoM0QCKvcLCkBao,Eastside (with Halsey & Khalid),benny blanco,0.555,0.56,0.68,0.319,0.0,0.321,89.391,-7.648,0,6,173800,4
1gk3FhAV07q9Jg77UxnVjX,Gooey,Glass Animals,0.736,0.487,0.369,0.106,3.75e-05,0.0406,183.114,-13.424,0,11,289307,4
0MsrWnxQZxPAcov7c74sSo,Holiday / Boulevard of Broken Dreams,Green Day,0.000659,0.29,0.827,0.45,2.55e-06,0.0362,167.086,-3.451,1,8,493400,4
0LrwgdLsFaWh9VXIjBRe8t,Changes - 2015 Remaster,David Bowie,0.505,0.559,0.308,0.414,0.0,0.0376,113.633,-11.75,1,0,217747,4
3KELxFGasKxINHhW3vwRtN,Only Wanna Be with You,Hootie & The Blowfish,0.105,0.49,0.873,0.513,5.17e-06,0.0355,103.271,-5.861,1,6,229587,4
2Jhu4lQcNVxGV9W9cT3Wsh,Whitewash,Buckethead,0.212,0.674,0.608,0.509,0.835,0.0424,81.024,-9.998,0,10,284360,4
519tXYJVcrpEMqV2BMbh6E,No Air (feat. Chris Brown),Jordin Sparks,0.0521,0.466,0.759,0.328,0.0,0.199,160.033,-4.978,0,8,264373,4
1cbAxnTZKd6GJwV9bTdIvl,Mud,Whiskey Myers,0.0996,0.27,0.797,0.465,2.05e-06,0.0418,149.017,-6.528,1,6,251289,4
067ceXvd4fh3xKkTaJCWcf,Can You Hear Me?,Staytus,0.00119,0.447,0.79,0.202,1.25e-06,0.0783,119.974,-7.564,1,2,184023,4
63wc7iqJNTlMfxgwLrKneC,Warriors,Ovtlier,0.0005,0.519,0.968,0.339,5.77e-05,0.113,108.001,-3.805,0,10,240000,4
4UuHWIkAWnN176A2rx7YFB,1985,Bowling For Soup,0.000246,0.607,0.878,0.853,0.0,0.0665,119.955,-4.422,1,4,193000,4
0EV7XD4aaxcn7sUJOZcQZi,Pink Cadillac,Sammy Masters,0.803,0.649,0.669,0.852,2.1e-05,0.351,205.819,-9.31,1,2,141083,4
10Nmj3JCNoMeBQ87uw5j8k,Dani California,Red Hot Chili Peppers,0.0193,0.556,0.913,0.73,8.59e-06,0.0437,96.184,-2.36,1,0,282160,4
2jvuMDqBK04WvCYYz5qjvG,Dogs,Pink Floyd,0.076,0.321,0.479,0.14,0.00475,0.05,109.289,-11.395,0,2,1025280,4
4RY96Asd9IefaL3X4LOLZ8,In Da Club,50 Cent,0.259,0.904,0.72,0.805,0.0,0.348,90.062,-2.776,0,6,193467,4
6A9nyMBdNUzVcFHZUEZ71F,I'm Like A Lawyer With The Way I'm Always Trying To Get You Off (Me & You),Fall Out Boy,0.00301,0.529,0.8,0.498,1.16e-05,0.0318,96.811,-3.79,1,1,211720,4
62bOmKYxYg7dhrC6gH9vFn,Bye Bye Bye - From Deadpool and Wolverine Soundtrack,*NSYNC,0.031,0.61,0.926,0.861,0.0012,0.0479,172.638,-4.843,0,8,200400,4
4qgZs0RNjdzKAS22lP0QjY,Where The Streets Have No Name - Remastered,U2,0.00976,0.49,0.724,0.292,0.0046,0.0366,125.812,-9.581,1,2,337506,4
5cyqcK2ppCANtXy4teSwKR,Rescued,Prospect Hill,0.00426,0.33,0.941,0.269,0.0,0.0585,155.01,-3.868,1,1,207413,4
5FVd6KXrgO9B3JPmC8OPst,Do I Wanna Know?,Arctic Monkeys,0.186,0.548,0.532,0.405,0.000263,0.0323,85.03,-7.596,1,5,272394,4
3d9DChrdc6BOeFsbrZ3Is0,Under the Bridge,Red Hot Chili Peppers,0.0576,0.559,0.345,0.458,0.000105,0.0459,84.581,-13.496,1,4,264307,4
67JsdHBX5znsTdpY51GHdF,Los Dragones,DNA's Evolution,3.47e-05,0.455,0.615,0.398,0.000906,0.0744,87.083,-8.842,0,4,163045,4
6ooluO7DiEhI1zmK94nRCM,Take Me Out,Franz Ferdinand,0.000423,0.278,0.676,0.494,0.000899,0.0371,104.545,-8.821,1,9,237027,4
4PK3z4assKyrm6qktNB7aQ,Breakup,Ray Smith,0.727,0.666,0.923,0.916,4.67e-06,0.063,105.094,-3.762,1,10,111047,3
6mHOcVtsHLMuesJkswc0GZ,The Logical Song - Remastered 2010,Supertramp,0.512,0.625,0.758,0.695,0.00022,0.0463,119.719,-6.213,0,5,251253,4
56KqaFSGTb7ifpt16t5Y1N,Rock the Casbah - Remastered,The Clash,0.291,0.797,0.872,0.866,0.0,0.0575,129.885,-6.727,0,9,222427,4
3Am0IbOxmvlSXro7N5iSfZ,Strawberry Fields Forever - Remastered 2009,The Beatles,0.336,0.39,0.502,0.289,0.000129,0.178,97.873,-12.277,1,10,247320,4
58c1xbfb6BBM4hb4HBnHCc,Words Untold,Must Be Wrong,0.000743,0.626,0.971,0.245,1.13e-06,0.0415,107.527,-3.092,1,7,220605,4
7w87IxuO7BDcJ3YUqCyMTT,Pumped Up Kicks,Foster The People,0.145,0.733,0.71,0.965,0.115,0.0292,127.975,-5.849,0,5,239600,4
6i0V12jOa3mr6uu4WYhUBr,Heathens,Twenty One Pilots,0.0841,0.732,0.396,0.548,3.58e-05,0.0286,90.024,-9.348,0,4,195920,4
5rb9QrpfcKFHM1EUbSIurX,Yeah! (feat. Lil Jon & Ludacris),USHER,0.0183,0.894,0.791,0.583,0.0,0.112,105.018,-4.699,1,2,250373,4
7miJ3nMIRQvly2nOVBZqsX,Skip A Beat,Sarina,0.0513,0.492,0.978,0.3,0.0,0.322,185.858,-3.301,1,0,200033,4
3uMmllZo1AfoEnVT4ENCD3,Highway Star - Remastered 2012,Deep Purple,0.135,0.307,0.909,0.443,0.0336,0.0574,173.674,-7.08,0,9,366136,4
1yE6KYzKyJ6aBqFl7GskT3,California Boy,Laine Kowalski,0.227,0.686,0.748,0.737,0.0076,0.0502,114.971,-5.799,1,0,286040,4
1G391cbiT3v3Cywg8T7DM1,Scar Tissue,Red Hot Chili Peppers,0.0779,0.595,0.717,0.547,0.00274,0.0295,88.969,-4.803,1,0,215907,4
2K7vmv62BpMRIySly2w4nO,No Heroes,LUNAX,0.252,0.656,0.726,0.56,6.02e-05,0.0293,130.018,-7.156,0,11,121135,4
09QZAEmdbq28OaNyqTOEvY,Icky Thump,The White Stripes,0.021,0.424,0.632,0.356,0.0117,0.0922,97.694,-7.243,1,9,254533,4
31gdYny8ZntAXU3ejMMZGY,Good At Being Bad,Ronnie Dawson,0.634,0.47,0.873,0.971,0.0,0.0425,174.098,-6.693,1,0,145427,4
7akSWR8b2LrMnfh0ceChbj,Afterlife,Avenged Sevenfold,0.000429,0.487,0.949,0.406,2.91e-05,0.0798,110.02,-4.217,0,2,352427,4
05McGoUWKMXPPzJeOXDVqU,Begin,Grand Empirial,0.0063,0.401,0.64,0.561,0.617,0.0338,170.028,-10.797,1,2,402545,4
3OT3Kg4jyVkdZm4Ncz6JgX,Poker Face,Lady Gaga,0.136,0.848,0.828,0.794,1.35e-06,0.0714,119.0,-4.557,0,8,237213,4
755cKP6z9tywIgQpAc3cVV,Cars and Girls,Prefab Sprout,0.0481,0.71,0.627,0.835,0.000111,0.0286,130.878,-10.624,0,9,265467,4
2MvvoeRt8NcOXWESkxWn3g,Ribs,Lorde,0.534,0.525,0.472,0.0424,0.614,0.0739,127.945,-9.277,1,4,258969,4
2dpO3NteNWUDL2S9e0t0Mi,Make Me Smile (Come up and See Me) - 2014 Remaster,Steve Harley,0.00706,0.571,0.818,0.773,0.000181,0.0337,141.464,-8.277,1,0,239213,4
1CCn1iWB8qqr1ghHTe2tA8,Stained Glass,Ocean Alley,0.0414,0.561,0.709,0.271,0.0102,0.0343,132.058,-6.215,0,9,226347,4
1BxfuPKGuaTgP7aM0Bbdwr,Cruel Summer,Taylor Swift,0.117,0.552,0.702,0.564,2.06e-05,0.157,169.994,-5.707,1,9,178427,4
3bepDVJI8tECicV9bDsSxt,"Machine Gun - Live At Fillmore East, 1970 / 50th Anniversary",Jimi Hendrix,0.108,0.334,0.689,0.474,0.161,0.184,147.412,-7.316,0,0,759360,4
0YiqstoUoXgePF6Oi7ySra,Monsters,Hurricane on Saturn,0.0441,0.571,0.894,0.452,6.15e-06,0.0696,75.005,-4.561,0,0,261000,4
4w4Shi3xjbZBDGuhLw5LsQ,Bright Side of the Road,Van Morrison,0.293,0.536,0.737,0.857,0.000115,0.0504,176.717,-7.36,1,0,226760,4
2N5zMZX7YeL1tico8oQxa9,Crazy,Gnarls Barkley,0.0172,0.836,0.741,0.611,0.0583,0.0339,111.963,-1.609,1,8,182066,4
26tGNyDWVkxtRbaQCYBnJ0,Religion To Blame,Kings of Men,0.00153,0.422,0.68,0.417,2.96e-05,0.0362,163.062,-6.872,0,4,215043,4
0cIrXiEPOLClwGcc2q64Qv,The Wolf,Whiskey Myers,0.000464,0.452,0.9,0.599,5.13e-06,0.044,142.939,-5.052,1,7,337239,4
1BpMzIbVYhLfXTQe7ob2sY,Tender Surrender,Steve Vai,0.174,0.559,0.567,0.227,0.103,0.036,130.036,-7.155,0,4,301067,4
5z4ljpMLi1LTF8UG9P53fH,Dreamer,Supertramp,0.864,0.664,0.414,0.831,0.0367,0.0675,147.883,-14.113,1,5,213236,4
7oK9VyNzrYvRFo7nQEYkWN,Mr. Brightside,The Killers,0.00101,0.356,0.924,0.232,0.0,0.0808,148.017,-3.74,1,1,222587,4
7bDIxtZAb4T4628gPgKojf,Moth Into Flame,Metallica,3.13e-05,0.163,0.979,0.373,0.0125,0.0656,178.846,-3.584,0,4,350644,4
1DctTXH4C0r1mUl6vyD6VR,Voleremo Assieme,AlchemicA,0.0907,0.531,0.917,0.53,5.7e-05,0.0558,100.042,-6.498,1,2,310750,4
6IZWJhXyk1Z0rtWNxIi4o7,Happy Hour,The Housemartins,0.097,0.535,0.837,0.903,2.99e-06,0.039,95.911,-11.048,1,10,145000,4
0O0M44llUQuPdJAkROQRch,Australia Street,Sticky Fingers,0.0219,0.472,0.69,0.512,0.0,0.0443,77.478,-8.092,0,9,219027,4
18KHRLArmSx7U5SokLtZOn,Amazing - Acoustic,Year of the Lion,0.895,0.471,0.254,0.349,0.0,0.0408,115.451,-8.139,1,9,171359,3
5m5I3KcV83zf2p2qbsnr3y,For the Love of God,Steve Vai,0.00347,0.152,0.842,0.283,0.912,0.0418,95.49,-5.783,0,9,363333,4
5VBwLOZDyDWInNYIUniuZG,Soothsayer (Dedicated to Aunt Suzie),Buckethead,0.000424,0.23,0.766,0.227,0.838,0.0398,151.106,-3.849,0,10,544800,4
39hKjgEW1wV8HgMxKoUI4a,Morning Sun,Along Came A Spider,5.07e-05,0.516,0.927,0.212,0.000134,0.043,111.961,-5.458,1,2,201429,4
0LoQuiekvzqx7n8flgEKzF,Get It On,T. Rex,0.176,0.728,0.878,0.911,0.856,0.0564,126.59,-6.926,0,11,262613,4
0QJfFSRDRKq9LEkFpiJkI5,Fujiyama Mama - Remastered,Wanda Jackson,0.578,0.769,0.719,0.96,0.00085,0.077,141.272,-9.389,1,2,133747,4
3iHbOCMjFONr2v6WFPLtZK,Down To Earth,Curiosity Killed The Cat,0.494,0.696,0.906,0.762,0.0,0.0343,110.12,-4.607,1,9,229533,4
4xiyq1iRdsxuU1BPUJ490Z,Close To Me,The Cure,0.0745,0.724,0.523,0.965,0.703,0.116,185.075,-11.139,1,11,203267,4
0Rphayj7XHRoQFEwBwlZMC,Chantilly Lace,The Big Bopper,0.809,0.477,0.762,0.926,3.1e-06,0.159,174.998,-6.742,1,3,143804,4
2tznHmp70DxMyr2XhWLOW0,Cigarette Daydreams,Cage The Elephant,0.0807,0.636,0.676,0.273,0.0,0.0263,113.98,-3.442,1,2,208760,4
5nNZTUzinBDsnj3U76NJFC,And She Was - 2005 Remaster,Talking Heads,0.0059,0.697,0.846,0.973,0.0256,0.03,126.475,-5.471,1,9,219413,4
26a6rTtPAHKQ2RA0xbdB6y,Bootleg Rascal,Sticky Fingers,0.508,0.671,0.481,0.487,1.14e-05,0.0486,136.045,-10.111,0,11,227320,4
62FelyL09YK41xt5oHaovs,For the Kids,Whiskey Myers,0.00766,0.466,0.666,0.511,0.000196,0.0277,133.85,-5.995,1,2,338561,4
3OOFEF20WqtsUPcRbPY3L7,Short Skirt / Long Jacket,CAKE,0.003,0.771,0.809,0.886,0.0223,0.0461,120.038,-10.029,1,2,204128,4
0eKyHwckh9vQb8ncZ2DXCs,With Arms Wide Open,Creed,0.00425,0.41,0.539,0.141,0.00089,0.0302,138.852,-8.412,1,0,274800,4
73A0DxzMGDhVGsvHQSaaBq,Our Lawyer Made Us Change The Name Of This Song So We Wouldn't Get Sued,Fall Out Boy,0.000645,0.444,0.939,0.575,7.72e-06,0.104,154.284,-3.824,1,5,188547,4
4CJVkjo5WpmUAKp3R44LNb,Sweet Home Alabama,Lynyrd Skynyrd,0.181,0.597,0.605,0.886,0.000331,0.0255,97.782,-12.013,1,7,281147,4
3CftKsBDFrF1yaXDgtu2Sg,Race With the Devil,Gene Vincent,0.238,0.591,0.555,0.903,0.0,0.0637,100.694,-12.918,1,11,123960,4
1KqsQip0e4T4s6RcEQAPcJ,It's Always Something,Heartless South,0.0408,0.434,0.557,0.489,0.0,0.047,94.293,-10.598,1,9,197500,4
698eQRku24PIYPQPHItKlA,She Got the Best of Me,Luke Combs,0.0292,0.533,0.907,0.7,0.0,0.0406,150.99,-3.793,1,11,183160,4
2nLtzopw4rPReszdYBJU6h,Numb,Linkin Park,0.00353,0.488,0.87,0.211,0.0,0.0421,110.072,-4.185,0,6,187520,4
4pi8nxlXyERWSP2JkBaRxs,Fishnet Stockings,Stray Cats,0.00923,0.366,0.859,0.695,5.03e-06,0.0783,204.15,-7.49,1,7,145507,4
0xEwzkF5KNUevqD2BxCjwl,Tequila,The Champs,0.0254,0.492,0.949,0.801,0.869,0.0446,90.182,-3.942,1,10,135373,4
07m8PuXxxv5J4qPEDq6ZkK,Brand New,Ben Rector,0.00268,0.555,0.934,0.422,0.0,0.113,144.874,-5.04,1,9,243933,4
3E5XrOtqMAs7p2wKhwgOjf,Just Dance,Lady Gaga,0.0335,0.818,0.732,0.679,4.95e-05,0.0334,119.002,-4.474,0,1,241933,4
1uMo2HFIfKc3NJVl73L1zj,run away girl,Alice Merton,0.0365,0.697,0.795,0.591,8.41e-05,0.0482,140.034,-6.269,0,1,230552,4
4CbWqihvXyV2qxt0aSft3M,Running Away - Winta James Mix,Ady Suleiman,0.306,0.669,0.584,0.949,0.0325,0.0331,149.976,-5.988,0,5,210800,4
0WgQoph3Qnncwz0I7lPI5g,Lonesome Train (On A Lonesome Track),Johnny Burnette & The Rock 'N' Roll Trio,0.598,0.64,0.71,0.901,0.000179,0.0371,86.056,-8.08,0,5,126240,4
5IyoulMVgZsyNVjWzPHxcZ,Here To Fall (rjd2 Remix),Yo La Tengo,0.0216,0.635,0.518,0.673,0.00108,0.0863,155.067,-9.378,0,3,333000,4
6TIBQ6xqAEbcTDcnXJqgVT,Die Rockin,Whiskey Myers,0.00142,0.509,0.766,0.707,0.0,0.0373,102.86,-4.177,0,9,204271,4
5DiXcVovI0FcY2s0icWWUu,Mr. Jones,Counting Crows,0.183,0.578,0.817,0.734,2.85e-06,0.0363,141.621,-6.541,1,0,272293,4
7cMn3Octp5SRRGpv6fTSLE,Lost Weekend,Lloyd Cole and the Commotions,0.0417,0.591,0.734,0.777,0.02,0.0487,138.298,-10.171,1,9,195293,4
5uSE0ITQeip4lAnBqWHPHz,Venus And The Moon,Recoilette,0.708,0.568,0.598,0.194,0.15,0.0273,130.024,-8.986,0,0,270686,4
3LTMnFa0hhwisyq6ILahyj,Sultans Of Swing,Dire Straits,0.0771,0.731,0.797,0.933,0.0248,0.0309,148.192,-9.992,1,5,348624,4
1Yila493rkGH955c5hMVAU,Song For You,Whiskey Myers,0.945,0.42,0.196,0.246,0.000592,0.0329,136.07,-14.459,1,0,467080,4
5fVZC9GiM4e8vu99W0Xf6J,How to Save a Life,The Fray,0.269,0.64,0.743,0.361,0.0,0.0379,122.035,-4.08,1,10,262533,4
1N3B0VwGKZ9izttr8QXF99,Little pig,Buzz,0.794,0.755,0.583,0.964,6.75e-05,0.0501,86.017,-10.185,1,0,136933,4
7ATUsi0htzsYraS8ieE9X8,This Ole House,Shakin' Stevens,0.182,0.568,0.895,0.901,1.02e-06,0.194,192.559,-9.505,1,10,185600,4
2h79wwRAPv07gFTa3eY6w0,Deeper In Debt,Tennessee Frisky,0.154,0.624,0.706,0.6,0.000121,0.0325,87.989,-8.333,0,5,252614,4
0qi4b1l0eT3jpzeNHeFXDT,Just Can't Get Enough,Depeche Mode,0.403,0.766,0.772,0.919,0.0584,0.0353,128.168,-9.362,1,0,220893,4
7hs5X0XR9Dz1c6DGBSdNVG,I'm Ready - Remastered,Fats Domino,0.753,0.577,0.803,0.961,0.0305,0.0553,172.677,-7.346,1,0,124627,4
2hnMS47jN0etwvFPzYk11f,Santeria,Sublime,0.0268,0.682,0.765,0.567,3.42e-05,0.0395,90.807,-5.021,0,1,182747,4
1h04XMpzGzmAudoI6VHBgA,Penny Lane - Remastered 2009,The Beatles,0.212,0.651,0.488,0.491,0.026,0.0316,113.032,-8.22,1,9,180893,4
3eR23VReFzcdmS7TYCrhCe,It Ain't Me (with Selena Gomez),Kygo,0.119,0.64,0.533,0.515,0.0,0.0706,99.968,-6.596,1,0,220781,4
3fH4KjXFYMmljxrcGrbPj9,Don't You (Forget About Me),Simple Minds,0.168,0.66,0.816,0.678,0.0181,0.0299,111.346,-6.61,1,2,263040,4
31R4ZSJ357wEQ0V1eJ3i2r,Shadows,2far2jump,0.0182,0.495,0.908,0.481,6.68e-06,0.0662,119.979,-0.903,0,1,221047,4
2pg2TiYo9Rb8KeB5JjP7jS,Sativa,Jhené Aiko,0.316,0.741,0.61,0.72,0.0,0.0511,125.99,-7.34,0,6,276960,4
5AEtlRudpgdT5FtNiuly6Y,"Let Me Go (with Alesso, Florida Georgia Line & watt)",Hailee Steinfeld,0.0393,0.659,0.717,0.71,0.0,0.0581,103.036,-4.202,1,8,174800,4
1mtoljguK26CaheZelUTQj,Reckoning,Whiskey Myers,0.196,0.435,0.631,0.152,0.000267,0.0293,76.503,-6.396,0,6,269213,4
6lRkdG1HurVS72F9GoBeWJ,Good Thing,Fine Young Cannibals,0.0708,0.747,0.586,0.893,8e-05,0.0299,164.718,-10.119,0,9,201867,4
5vollujufHY0jMZxx77VWr,All These Things That I've Done,The Killers,0.00245,0.539,0.702,0.206,2.37e-05,0.0436,118.106,-7.291,1,6,301867,4
4aetgBuI5iRQpjy8gdGxY8,Lucidity,Tame Impala,0.12,0.37,0.876,0.515,0.0464,0.0591,147.016,-6.317,0,6,271880,4
2YFYj7rYd6q9Tg8VdsFii9,California to Caroline,Whiskey Myers,0.089,0.485,0.542,0.274,1.49e-05,0.0252,139.186,-5.92,0,9,211523,4
7N3PAbqfTjSEU1edb2tY8j,Jump - 2015 Remaster,Van Halen,0.171,0.572,0.835,0.795,0.000377,0.0317,129.981,-6.219,1,0,241600,4
1JPPX1DlbQyC4L3cYBRcH1,Empty Country,Couvo,0.000318,0.481,0.721,0.707,0.00218,0.052,173.821,-7.206,1,4,212203,4
5MwJZYTgTV6ImcymBKaTOE,WHERE DOES THE SPARK GO?,Letters From Suburbia,0.224,0.491,0.813,0.631,8.66e-05,0.0333,93.969,-5.127,1,8,181333,4
4fFxkU9C7prSviiYtvlV8V,Johnny Come Home,Fine Young Cannibals,0.00711,0.776,0.866,0.964,0.000266,0.0438,133.597,-7.563,1,10,215733,4
6D8u5KEPdS3Why61tBREcs,It All Falls Apart,Moses Rigby,0.0104,0.438,0.673,0.366,0.0,0.0315,144.86,-5.519,1,8,270207,4
7ItZM6DMZE2m1X7yIaRxjq,C’Mon Everybody,Eddie Cochran,0.121,0.627,0.7,0.856,0.0111,0.0522,175.33,-9.657,1,3,118227,4
5jQZUTHez4OeBLrDhSVsRn,Bitch,Whiskey Myers,0.000141,0.611,0.817,0.641,0.00128,0.0273,128.079,-6.147,1,0,170358,4
2QwyfRiONW3O4Sp7O5XlEk,Jump Man,Buckethead,0.00636,0.187,0.941,0.274,0.601,0.0798,189.189,-9.103,0,11,261960,4
5x5X7gGxjXIqnPPSiLJvl3,Your the One,D smooth,0.443,0.569,0.653,0.279,0.0,0.0558,154.948,-5.56,1,1,187416,4
6MjpaIAgLPwvIFp850nGwG,DarkKnight,Mutinous_Sin,0.0856,0.502,0.595,0.165,1.86e-06,0.0393,152.023,-8.491,1,0,133188,4
7qU7vhCPKhkDiJYGoboISc,Apocalypse Dreams,Tame Impala,0.249,0.496,0.929,0.267,0.131,0.0503,127.998,-2.279,1,8,356947,4
4S4Mfvv03M1cHgIOJcbUCL,In My Room,Frank Ocean,0.594,0.861,0.647,0.67,0.661,0.0675,158.037,-7.425,1,7,133680,4
1a3uzQ3CUOUzmpbfsgzlaV,The Greatest,Sia,0.0109,0.666,0.723,0.739,0.00047,0.268,192.024,-6.164,1,1,210893,4
51WNjmzTaO4kBTM7xBQP9h,Antioch,Whiskey Myers,0.000793,0.409,0.69,0.627,1.22e-05,0.0446,202.246,-6.066,1,0,245643,4
15a4bWqPxsMNkP1t2gL6eK,Jon Boat or a Yacht,Myles Morgan,0.0583,0.446,0.628,0.378,0.0,0.0307,90.697,-6.369,1,5,201038,4
2ekfM9Dcslm7l9Lh7HGT0i,Surfing with the Alien,Joe Satriani,0.000221,0.392,0.936,0.564,0.839,0.0849,167.333,-6.532,1,5,266387,4
4FlYcJnfkeBpowEHJ72Bmt,Rockin' Robin,Bobby Day,0.298,0.541,0.608,0.938,0.0,0.106,171.992,-13.083,1,7,160080,4
6ZOBP3NvffbU4SZcrnt1k6,Kryptonite,3 Doors Down,0.00664,0.545,0.865,0.543,1.1e-05,0.0286,99.005,-5.708,0,11,233933,4
3ZGGdL93xr48jJsT31DLEJ,Home,Whiskey Myers,0.00169,0.379,0.859,0.527,0.000337,0.0384,106.955,-5.463,1,5,210813,4
70YvYr2hGlS01bKRIho1HM,La Grange - 2005 Remaster,ZZ Top,0.00249,0.545,0.64,0.606,0.0304,0.224,80.544,-9.937,0,4,230480,4
6PTlI1K4PgGBGhcR8to5tw,Punch The Brakes,Christian French,0.484,0.349,0.536,0.264,3e-05,0.0309,137.889,-7.904,0,11,213533,4
4Hbe0lRKsXtDZ2wQIovz7I,Johnny B. Goode,Chuck Berry,0.748,0.522,0.806,0.969,5.48e-05,0.0817,168.078,-9.097,1,10,161560,4
7HGTkn2aX7MNdKs7nV2xBt,Somebody Told Me,The Killers,8.05e-05,0.509,0.987,0.647,0.000928,0.0886,138.039,-3.198,0,10,197160,4
0G1Pa4PZRY16ewpNsbHbAE,Turn It Up,Whiskey Myers,9.18e-05,0.422,0.69,0.542,0.0104,0.0298,166.174,-5.713,1,7,204333,4
0fA5ZwzfOlH8RT3jjDwE8S,Do Me No Wrong,Pat Cupp,0.759,0.559,0.901,0.911,0.0,0.0626,93.107,-4.95,1,5,144000,4
3UhXcijRNEfL4bj0Rj08NZ,Playing Dead,Wifey,2.12e-05,0.196,0.905,0.552,0.951,0.0587,146.865,-4.32,1,5,164320,4
4u2JQ1rzBirJVn6Ka2aQ5l,XO,Fall Out Boy,0.000633,0.482,0.963,0.423,0.0,0.0743,131.333,-3.161,0,11,220653,4
1ZozJfi8u9cO2Ob8KwiwNT,Higher,Creed,5.15e-05,0.459,0.83,0.431,0.00014,0.0364,155.827,-6.254,1,2,316733,4
358ZhCh3kObw8FVlTzjkJO,Rising Force,Yngwie Malmsteen,0.102,0.331,0.957,0.11,7.32e-05,0.0883,118.009,-10.496,1,8,263872,4
3I7OmVsk4Hm5LBbs2GmhlD,Reality In Motion,Tame Impala,0.154,0.536,0.915,0.472,0.000788,0.0581,115.037,-4.993,1,2,252027,4
7GmiJVBAzWNikX5VkNQg85,Hawaiian Roller Coaster Ride,Mark Keali'i Ho'omalu,0.314,0.702,0.624,0.947,0.0152,0.0285,114.542,-9.927,1,5,208227,4
1QBIFYpg4A0GLzXF5rQy2S,Rocket In My Pocket,Jimmy Lloyd,0.715,0.663,0.686,0.978,5.31e-05,0.0347,159.811,-10.985,1,5,141240,4
4HN7R0zJTwLpK5f5xpGMbV,Right Behind You Baby,Ray Smith,0.766,0.611,0.847,0.964,2.03e-05,0.0613,88.364,-7.634,0,9,143288,4
4HN7R0zJTwLpK5f5xpGMbV,Right Behind You Baby,Ray Smith,0.766,0.611,0.847,0.964,2.03e-05,0.0613,88.364,-7.634,0,9,143288,4
4HN7R0zJTwLpK5f5xpGMbV,Right Behind You Baby,Ray Smith,0.766,0.611,0.847,0.964,2.03e-05,0.0613,88.364,-7.634,0,9,143288,4
4HN7R0zJTwLpK5f5xpGMbV,Right Behind You Baby,Ray Smith,0.766,0.611,0.847,0.964,2.03e-05,0.0613,88.364,-7.634,0,9,143288,4
4t4OONaqbjmhGtJL2tkxpj,Welcome To Bucketheadland,Buckethead,0.000989,0.487,0.832,0.483,0.725,0.13,140.639,-10.831,1,2,222133,4
4t4OONaqbjmhGtJL2tkxpj,Welcome To Bucketheadland,Buckethead,0.000989,0.487,0.832,0.483,0.725,0.13,140.639,-10.831,1,2,222133,4
4t4OONaqbjmhGtJL2tkxpj,Welcome To Bucketheadland,Buckethead,0.000989,0.487,0.832,0.483,0.725,0.13,140.639,-10.831,1,2,222133,4
4t4OONaqbjmhGtJL2tkxpj,Welcome To Bucketheadland,Buckethead,0.000989,0.487,0.832,0.483,0.725,0.13,140.639,-10.831,1,2,222133,4
0x6Y6ikSyS17NxfhWsgENm,Chasing Cars,Snow Patrol,0.199,0.56,0.595,0.144,6.47e-05,0.0274,104.011,-4.53,1,9,267960,4
0x6Y6ikSyS17NxfhWsgENm,Chasing Cars,Snow Patrol,0.199,0.56,0.595,0.144,6.47e-05,0.0274,104.011,-4.53,1,9,267960,4
0x6Y6ikSyS17NxfhWsgENm,Chasing Cars,Snow Patrol,0.199,0.56,0.595,0.144,6.47e-05,0.0274,104.011,-4.53,1,9,267960,4
0x6Y6ikSyS17NxfhWsgENm,Chasing Cars,Snow Patrol,0.199,0.56,0.595,0.144,6.47e-05,0.0274,104.011,-4.53,1,9,267960,4
6IR35H6vIgp1k29jI0ipE1,Lightning,Whiskey Myers,0.0152,0.221,0.633,0.322,0.000502,0.032,144.413,-5.302,1,6,347933,3
6IR35H6vIgp1k29jI0ipE1,Lightning,Whiskey Myers,0.0152,0.221,0.633,0.322,0.000502,0.032,144.413,-5.302,1,6,347933,3
6IR35H6vIgp1k29jI0ipE1,Lightning,Whiskey Myers,0.0152,0.221,0.633,0.322,0.000502,0.032,144.413,-5.302,1,6,347933,3
6IR35H6vIgp1k29jI0ipE1,Lightning,Whiskey Myers,0.0152,0.221,0.633,0.322,0.000502,0.032,144.413,-5.302,1,6,347933,3
11F1Tpe5da6M6vKLbUjauU,All My Love,Noah Kahan,0.309,0.666,0.665,0.474,0.0,0.0534,116.002,-7.181,1,2,251511,4
11F1Tpe5da6M6vKLbUjauU,All My Love,Noah Kahan,0.309,0.666,0.665,0.474,0.0,0.0534,116.002,-7.181,1,2,251511,4
11F1Tpe5da6M6vKLbUjauU,All My Love,Noah Kahan,0.309,0.666,0.665,0.474,0.0,0.0534,116.002,-7.181,1,2,251511,4
11F1Tpe5da6M6vKLbUjauU,All My Love,Noah Kahan,0.309,0.666,0.665,0.474,0.0,0.0534,116.002,-7.181,1,2,251511,4
3yobQNuKVJ62WDU7h725Fu,Fade To Grey,Visage,0.000315,0.604,0.416,0.512,0.0165,0.0372,112.338,-17.154,0,2,239360,4
3yobQNuKVJ62WDU7h725Fu,Fade To Grey,Visage,0.000315,0.604,0.416,0.512,0.0165,0.0372,112.338,-17.154,0,2,239360,4
3yobQNuKVJ62WDU7h725Fu,Fade To Grey,Visage,0.000315,0.604,0.416,0.512,0.0165,0.0372,112.338,-17.154,0,2,239360,4
3yobQNuKVJ62WDU7h725Fu,Fade To Grey,Visage,0.000315,0.604,0.416,0.512,0.0165,0.0372,112.338,-17.154,0,2,239360,4
1S30kHvkkdMkcuCTGSgS41,Nine in the Afternoon - Single Mix,Panic! At The Disco,0.0843,0.405,0.689,0.397,0.0,0.0365,155.189,-5.75,1,10,191560,4
1S30kHvkkdMkcuCTGSgS41,Nine in the Afternoon - Single Mix,Panic! At The Disco,0.0843,0.405,0.689,0.397,0.0,0.0365,155.189,-5.75,1,10,191560,4
1S30kHvkkdMkcuCTGSgS41,Nine in the Afternoon - Single Mix,Panic! At The Disco,0.0843,0.405,0.689,0.397,0.0,0.0365,155.189,-5.75,1,10,191560,4
1S30kHvkkdMkcuCTGSgS41,Nine in the Afternoon - Single Mix,Panic! At The Disco,0.0843,0.405,0.689,0.397,0.0,0.0365,155.189,-5.75,1,10,191560,4
4rCKRVJZKVysScn2piDuOT,Something For Your M.I.N.D.,Superorganism,0.132,0.698,0.542,0.664,0.00117,0.131,140.096,-4.317,1,2,165391,4
4rCKRVJZKVysScn2piDuOT,Something For Your M.I.N.D.,Superorganism,0.132,0.698,0.542,0.664,0.00117,0.131,140.096,-4.317,1,2,165391,4
4rCKRVJZKVysScn2piDuOT,Something For Your M.I.N.D.,Superorganism,0.132,0.698,0.542,0.664,0.00117,0.131,140.096,-4.317,1,2,165391,4
4rCKRVJZKVysScn2piDuOT,Something For Your M.I.N.D.,Superorganism,0.132,0.698,0.542,0.664,0.00117,0.131,140.096,-4.317,1,2,165391,4
1y2GzNN5lq9FuoosofS7iT,Dogwood,Whiskey Myers,0.00918,0.34,0.832,0.525,0.000486,0.036,186.034,-5.181,1,7,253520,4
1y2GzNN5lq9FuoosofS7iT,Dogwood,Whiskey Myers,0.00918,0.34,0.832,0.525,0.000486,0.036,186.034,-5.181,1,7,253520,4
1y2GzNN5lq9FuoosofS7iT,Dogwood,Whiskey Myers,0.00918,0.34,0.832,0.525,0.000486,0.036,186.034,-5.181,1,7,253520,4
1y2GzNN5lq9FuoosofS7iT,Dogwood,Whiskey Myers,0.00918,0.34,0.832,0.525,0.000486,0.036,186.034,-5.181,1,7,253520,4
0SFxcoGvN9FLMXlKPSM7fD,Shine On,Diane Louvel,0.656,0.408,0.494,0.491,0.0,0.0312,122.112,-7.41,1,7,215976,3
0SFxcoGvN9FLMXlKPSM7fD,Shine On,Diane Louvel,0.656,0.408,0.494,0.491,0.0,0.0312,122.112,-7.41,1,7,215976,3
0SFxcoGvN9FLMXlKPSM7fD,Shine On,Diane Louvel,0.656,0.408,0.494,0.491,0.0,0.0312,122.112,-7.41,1,7,215976,3
0SFxcoGvN9FLMXlKPSM7fD,Shine On,Diane Louvel,0.656,0.408,0.494,0.491,0.0,0.0312,122.112,-7.41,1,7,215976,3
57mkcwZRCiQqvbsN4P5Tqw,Red Hot,Billy Lee Riley,0.631,0.388,0.788,0.694,0.0,0.0846,174.29,-10.394,1,0,150587,4
57mkcwZRCiQqvbsN4P5Tqw,Red Hot,Billy Lee Riley,0.631,0.388,0.788,0.694,0.0,0.0846,174.29,-10.394,1,0,150587,4
57mkcwZRCiQqvbsN4P5Tqw,Red Hot,Billy Lee Riley,0.631,0.388,0.788,0.694,0.0,0.0846,174.29,-10.394,1,0,150587,4
57mkcwZRCiQqvbsN4P5Tqw,Red Hot,Billy Lee Riley,0.631,0.388,0.788,0.694,0.0,0.0846,174.29,-10.394,1,0,150587,4
1luVSQzb1LtLWxFd9xNDYL,Pray,Take That,0.0827,0.536,0.937,0.545,1.76e-06,0.0801,103.567,-7.202,1,7,223027,4
1luVSQzb1LtLWxFd9xNDYL,Pray,Take That,0.0827,0.536,0.937,0.545,1.76e-06,0.0801,103.567,-7.202,1,7,223027,4
1luVSQzb1LtLWxFd9xNDYL,Pray,Take That,0.0827,0.536,0.937,0.545,1.76e-06,0.0801,103.567,-7.202,1,7,223027,4
1luVSQzb1LtLWxFd9xNDYL,Pray,Take That,0.0827,0.536,0.937,0.545,1.76e-06,0.0801,103.567,-7.202,1,7,223027,4
635mzxhITS1xY3AVSLKgyD,Breathe,Michelle Branch,0.0279,0.644,0.753,0.209,0.00227,0.0391,117.148,-4.296,1,6,211773,4
635mzxhITS1xY3AVSLKgyD,Breathe,Michelle Branch,0.0279,0.644,0.753,0.209,0.00227,0.0391,117.148,-4.296,1,6,211773,4
635mzxhITS1xY3AVSLKgyD,Breathe,Michelle Branch,0.0279,0.644,0.753,0.209,0.00227,0.0391,117.148,-4.296,1,6,211773,4
635mzxhITS1xY3AVSLKgyD,Breathe,Michelle Branch,0.0279,0.644,0.753,0.209,0.00227,0.0391,117.148,-4.296,1,6,211773,4
6b2oQwSGFkzsMtQruIWm2p,Creep,Radiohead,0.0102,0.515,0.43,0.104,0.000141,0.0369,91.841,-9.935,1,7,238640,4
6b2oQwSGFkzsMtQruIWm2p,Creep,Radiohead,0.0102,0.515,0.43,0.104,0.000141,0.0369,91.841,-9.935,1,7,238640,4
6b2oQwSGFkzsMtQruIWm2p,Creep,Radiohead,0.0102,0.515,0.43,0.104,0.000141,0.0369,91.841,-9.935,1,7,238640,4
6b2oQwSGFkzsMtQruIWm2p,Creep,Radiohead,0.0102,0.515,0.43,0.104,0.000141,0.0369,91.841,-9.935,1,7,238640,4
5t9KYe0Fhd5cW6UYT4qP8f,Good Vibrations - Remastered 2001,The Beach Boys,0.326,0.396,0.473,0.385,0.000124,0.0345,133.449,-7.67,0,10,219027,4
5t9KYe0Fhd5cW6UYT4qP8f,Good Vibrations - Remastered 2001,The Beach Boys,0.326,0.396,0.473,0.385,0.000124,0.0345,133.449,-7.67,0,10,219027,4
0gjUYiqimLvi6QxJ0Od2Dg,John Wayne,Whiskey Myers,0.000877,0.638,0.683,0.615,0.000645,0.0275,109.051,-5.889,0,6,295776,4
51uayYoXqomAJC0U4t6pWB,Field Trip - Instrumental,Plume Sonder,0.00424,0.456,0.728,0.229,0.768,0.0305,95.018,-7.948,0,5,194584,4
1FvDJ9KGxcqwv1utyPL3JZ,This Charming Man - 2011 Remaster,The Smiths,0.00509,0.611,0.846,0.751,0.0,0.0436,103.912,-5.9,1,11,162920,4
0SFR4RA2kNbOImvFrpq9Hj,Freewill,Rush,0.00879,0.492,0.934,0.705,7.85e-05,0.0748,155.69,-7.04,1,2,324040,4
4R5qHNB2gdxBM2LDNaJZeO,Hot Love - A Side,T. Rex,0.0839,0.565,0.543,0.486,0.0521,0.0376,130.983,-8.505,0,11,295480,4
5XNVl454R8zMy6GytPDiX5,Liberty,Riddles in the Dark,0.00789,0.443,0.569,0.328,7.13e-06,0.0442,82.028,-12.447,0,5,239184,4
2gNfxysfBRfl9Lvi9T3v6R,Disciples,Tame Impala,0.078,0.661,0.869,0.8,0.924,0.0334,126.971,-5.477,1,5,108547,4
3rrqxp284viMn7WlXx2W1X,Some of Your Love,Whiskey Myers,0.0588,0.382,0.631,0.367,0.0,0.0342,128.297,-6.784,1,7,203239,4
2ouURa1AIXp3AvkS52Jry5,Every Morning,Sugar Ray,0.0834,0.833,0.679,0.975,0.00258,0.0365,109.917,-4.496,1,8,219867,4
1VGzxJnVQND7Cg5H5wGj14,YEAH RIGHT,Joji,0.619,0.672,0.588,0.204,0.241,0.133,169.033,-9.573,1,1,174358,4
751gBcu62kORDelX7FV0mM,Thank You,Dido,0.284,0.722,0.595,0.738,0.00054,0.0415,79.981,-9.928,0,1,217827,4
1AhDOtG9vPSOmsWgNW0BEY,Bohemian Rhapsody - Remastered 2011,Queen,0.271,0.414,0.404,0.224,0.0,0.0499,71.105,-9.928,0,0,354320,4
6uEgGajFQgZMIK7S38SChQ,AI B-33 Faded Memories,AI composed songs,0.000853,0.543,0.384,0.301,0.0,0.0363,160.154,-9.563,0,4,145134,4
0cGG2EouYCEEC3xfa0tDFV,Tainted Love,Soft Cell,0.462,0.5,0.501,0.623,0.0,0.0376,144.438,-8.284,0,0,153800,4
3xl7hbVVRhdej6ZuypMmW9,Maybellene - Single Version,Chuck Berry,0.791,0.758,0.768,0.753,0.0,0.08,117.518,-11.401,1,0,140933,4
6gVH9jHl5Xpxxl4gVVrEkE,Smells Like Teen Spirit - 1992/Live at Reading,Nirvana,0.000706,0.41,0.964,0.274,0.745,0.0763,121.868,-6.648,1,7,285187,4
57BrRMwf9LrcmuOsyGilwr,Crawling,Linkin Park,0.0466,0.58,0.702,0.299,3.2e-06,0.0337,105.076,-5.565,1,4,208960,4
4kAgnAL4WKx7YqnlL2fvMh,Smile Like You Mean It,The Killers,0.000378,0.362,0.979,0.383,0.0151,0.161,125.087,-2.581,0,3,234107,4
1loYJMJ4S4ff4cfqmJ054I,Carousel,Red Crown,6.86e-05,0.439,0.947,0.38,0.0009,0.199,177.082,-4.027,1,8,214795,4
36YXD9jFfw446zqlOVGFD2,Rock House,Roy Orbison,0.445,0.421,0.867,0.85,0.0,0.0751,204.508,-7.247,1,4,123000,4
3tGizG135Q8Dj6DOjeMiKx,Anna Marie,Whiskey Myers,0.347,0.603,0.594,0.665,0.0,0.0345,90.492,-8.072,1,0,217107,4
01ICFoBoco3TaM5r3HthXy,Master Of Puppets,Metallica,0.000721,0.539,0.828,0.587,0.438,0.0361,105.303,-9.11,0,4,515387,4
5Z01UMMf7V1o0MzF86s6WJ,Lose Yourself,Eminem,0.00868,0.692,0.744,0.0612,0.000423,0.257,171.374,-4.565,1,2,326467,4
20US4JIykUvnFpxMXp0lWv,Purple Haze,Jimi Hendrix,0.0068,0.527,0.891,0.458,0.723,0.0759,108.57,-5.209,1,2,171667,4
4GTRHhyu76WAZjdQ4SfQaJ,I'm Alive,Zebulon Raphael,0.093,0.737,0.874,0.65,0.000565,0.0668,113.953,-5.697,1,0,38509,4
1Ame8XTX6QHY0l0ahqUhgv,THE LONELIEST,Måneskin,0.00151,0.519,0.595,0.237,0.0,0.0283,129.786,-5.001,1,2,247067,4
2hKdd3qO7cWr2Jo0Bcs0MA,Drops of Jupiter (Tell Me),Train,0.153,0.481,0.638,0.497,0.0,0.0276,79.064,-5.862,1,0,259933,4
6yl8Es1tCYD9WdSkeVLFw4,You Shook Me All Night Long,AC/DC,0.00224,0.529,0.768,0.769,0.00075,0.0566,127.316,-5.51,1,7,210880,4
0d28khcov6AiegSCpG5TuT,Feel Good Inc.,Gorillaz,0.00836,0.818,0.705,0.772,0.00233,0.177,138.559,-6.679,1,6,222640,4
4RFqi5JQduiSlRZCVlUDGH,It Don't Come Easy,Ringo Starr,0.0396,0.609,0.624,0.691,0.000168,0.0292,123.191,-11.717,1,7,184333,4
0sQkMsh3ojWIw7CIGsXArG,Virginia,Whiskey Myers,0.187,0.523,0.476,0.157,0.00117,0.0274,129.95,-6.47,0,9,260507,4
3RiPr603aXAoi4GHyXx0uy,Hymn for the Weekend,Coldplay,0.211,0.491,0.693,0.412,6.92e-06,0.0377,90.027,-6.487,0,0,258267,4
2PtBhfoPZ6VYtXkrE5FrCH,Reflections,MisterWives,0.0223,0.683,0.675,0.6,0.0187,0.0292,111.008,-5.461,1,2,186440,4
3jAoLij05OiNndX2XlSRdS,How To Fly,Sticky Fingers,0.159,0.676,0.645,0.537,0.00172,0.0992,151.058,-9.335,0,8,202187,4
1oHJcFSMJsl28vHHprSCbL,Strange Dreams,Whiskey Myers,0.000911,0.167,0.754,0.311,0.000956,0.0466,78.263,-6.95,0,9,358560,4
4VQeJjSF1kkPGl4KRHPmxp,Life Is Lifeing,FelyNakati,0.0224,0.787,0.692,0.358,0.0,0.0516,97.774,-7.059,0,11,190009,4
7hQJA50XrCWABAu5v6QZ4i,Don't Stop Me Now - Remastered 2011,Queen,0.0472,0.563,0.865,0.601,0.000191,0.16,156.271,-5.277,1,5,209413,4
4R3u1lz1kJaT3YSCFvuX0T,Prophet,The Tolleson Experiment,0.0762,0.569,0.726,0.803,0.000117,0.0402,92.46,-5.195,0,11,165728,4
47l5hKw9dyHQPbfSVcVwyP,Lycoris,奈落(the Naraka),1.01e-05,0.374,0.947,0.308,0.103,0.0562,158.006,-3.651,1,0,312911,4
0gEaeqVRHPzRc7HMXtOKc7,Pigs (Three Different Ones),Pink Floyd,0.103,0.419,0.575,0.354,0.459,0.0897,129.267,-12.22,0,4,685880,4
7pcANiSH8mEKLUIPAxiSDr,CAN YOU HEAR THE MOON,Grady,0.0242,0.343,0.503,0.5,0.00184,0.0623,146.11,-6.018,0,6,182534,4
6gM7ECbsXUDQ8gkIM0B20V,Let Me Be Your Love Song,Steven Cade,0.0179,0.563,0.939,0.491,0.0,0.0898,129.078,-3.742,1,2,220120,4
53968oKecrFxkErocab2Al,November Rain,Guns N' Roses,0.0165,0.197,0.629,0.221,0.279,0.03,79.495,-9.291,1,11,537507,4
0kUBk3PnCat4oPvTlNsStp,One,Metallica,0.00111,0.437,0.695,0.413,0.0857,0.0617,102.178,-9.447,1,7,447440,3
6kwlouu65gY2IBYxVGxNJ4,Bang Bang,Janis Martin,0.771,0.665,0.844,0.962,4.36e-05,0.0646,99.433,-8.215,1,4,120867,4
3o1AFukFi4OhiNW23wDbaj,Jackie Wilson Said (I'm In Heaven When You Smile),Dexys Midnight Runners,0.161,0.372,0.727,0.909,0.00315,0.0637,146.687,-5.129,1,2,184960,4
4jyhR0uMBdNXcE0wSOYegx,Welcome To My TED Talk,ScreamingMechanicalBrain,0.000584,0.322,0.784,0.199,0.0214,0.0359,73.863,-5.57,0,11,603144,4
5kD9T7GForh8LnRz5ClbL8,The Middle,Jimmy Eat World,0.0291,0.634,0.886,0.922,0.0,0.0517,161.933,-3.466,1,2,168253,4
4FNm4ZJaUVLDCMXcqwS6zY,Stir It Up,Bob Marley & The Wailers,0.641,0.751,0.463,0.926,0.208,0.104,150.19,-10.96,1,9,330760,4
25yQPHgC35WNnnOUqFhgVR,Lucy In The Sky With Diamonds - Remastered 2009,The Beatles,0.0469,0.311,0.325,0.668,0.0,0.0283,65.09,-9.042,1,2,208467,1
3bH4HzoZZFq8UpZmI2AMgV,New Light,John Mayer,0.325,0.828,0.689,0.853,0.0384,0.0326,123.931,-7.878,1,7,216015,4
49wr7rhhbAnZNJ7zgLtvoF,Blind Hope,Riddles in the Dark,0.0422,0.269,0.639,0.261,0.000427,0.0363,156.948,-5.484,0,3,347031,3
0yac0FPhLRH9i9lOng3f81,Everybody's Changing,Keane,0.0014,0.517,0.839,0.416,0.000365,0.0287,94.015,-3.521,1,0,215880,4
6n9yCXvLhnYMgJIiIcMu7D,Rockstar,Nickelback,0.0459,0.616,0.91,0.693,0.0,0.0386,144.072,-3.004,1,0,252040,4
7fE9r2qOJmjgruk3TdW4MD,Knees,Ocean Alley,0.0524,0.549,0.594,0.365,2.74e-06,0.0452,119.935,-9.359,1,0,286786,4
3UfkMXhW7S3SUsXRPjJIIp,Groovy Shoovy,Julia.,0.0158,0.637,0.811,0.501,5.48e-06,0.0722,90.995,-7.716,1,7,266862,4
6EgVv2iuK3PRejGTYpJuNM,Long Tall Sally (The Thing),Little Richard,0.783,0.652,0.586,0.924,0.0,0.0605,92.636,-5.008,1,5,131853,4
6mFkJmJqdDVQ1REhVfGgd1,Wish You Were Here,Pink Floyd,0.735,0.481,0.262,0.375,0.0114,0.0414,122.861,-15.73,1,7,334744,4
3buFLp4T1sNATuTQlUgq4a,Tutti Frutti,Little Richard,0.777,0.524,0.611,0.96,0.0,0.0709,184.396,-3.814,0,0,146640,4
5pwotNGfCggJh0CtGT0A9I,Rolling Stone,Whiskey Myers,0.000458,0.416,0.848,0.721,0.00144,0.0346,179.004,-5.19,1,0,239499,4
1oagRT7LfpVlNJN6FSZDGp,"This Ain't A Scene, It's An Arms Race",Fall Out Boy,0.000747,0.435,0.887,0.408,0.0,0.0637,199.939,-4.07,1,9,212040,4
6ErjKse3weUdGfNLliSqgk,"Transition, Pt. 1",Veil of Visions,1.61e-05,0.419,0.946,0.476,0.716,0.0441,139.955,-7.651,0,2,500917,4
6PGBv4XMbrDKvGEr7z51bD,Paradise a Burn,Ocean Alley,0.0362,0.473,0.709,0.527,0.0,0.0461,130.911,-4.073,0,0,148606,4
7noWm4lKCBIiQThaIX5oEK,One-Sided Love Affair,Elvis Presley,0.697,0.628,0.79,0.855,0.0,0.0619,94.856,-7.458,1,7,129480,4
4PRGxHpCpF2yoOHYKQIEwD,Rock and Roll - Remaster,Led Zeppelin,0.000582,0.317,0.887,0.871,0.00258,0.0375,169.613,-7.292,1,9,220561,4
1c9dnQbOzw01ID7X2IsYOE,Slave To Love,Bryan Ferry,0.182,0.661,0.818,0.79,0.000995,0.0291,147.544,-5.9,1,2,266333,4
5ChkMS8OtdzJeqyybCc9R5,Billie Jean,Michael Jackson,0.0236,0.92,0.654,0.847,0.0153,0.0401,117.046,-3.051,0,11,293827,4
6nTiIhLmQ3FWhvrGafw2zj,American Idiot,Green Day,2.64e-05,0.38,0.988,0.769,7.86e-05,0.0639,186.113,-2.042,1,1,176346,4
0r5Ju8WyodpXBHmg3f4zYf,Kayleigh - 2017 Remaster,Marillion,0.247,0.585,0.567,0.564,0.0023,0.0263,106.127,-8.35,1,2,243560,4
1swz9stsbG1p34SJHJqiww,Murder on the Dance Floor - triple j Like A Version,Royel Otis,0.00483,0.56,0.699,0.512,0.0,0.0327,122.942,-8.501,1,4,180872,4
2u9q5QFqXpvXCOBoHZ0Qv0,Supreme Leader,The Lone Monkeys,0.22,0.815,0.499,0.964,0.121,0.0439,119.963,-7.359,1,0,60000,4
3BNZib6aFrkbqjGdoXA9lK,It Doesn't Have to Be This Way,The Blow Monkeys,0.327,0.656,0.817,0.854,0.0,0.0496,97.496,-6.166,1,9,244000,4
5HQVUIKwCEXpe7JIHyY734,"Young, Wild & Free (feat. Bruno Mars)",Snoop Dogg,0.0525,0.715,0.655,0.531,0.0,0.137,95.078,-6.425,1,0,207333,4
3BUQFs6aFWh7EFNmI8bfL7,Johnny B. Goode,Chuck Berry,0.738,0.516,0.798,0.969,0.000128,0.083,168.195,-9.049,1,10,161560,4
1ZLtE9tSJdaUiIJ9YoKHQe,Decode,Paramore,0.000686,0.28,0.87,0.284,0.00608,0.0592,164.057,-4.219,0,10,261960,4
6I3U0d6p6FubCOkFaWZngA,Welcome to the Bad Future,DNA's Evolution,8.12e-06,0.446,0.567,0.399,0.374,0.0253,90.998,-8.836,1,7,213420,4
5QIbR39hAEDIOkr4ggh4xc,Atomic,Blondie,0.051,0.596,0.824,0.786,0.131,0.0361,135.171,-4.893,0,4,280324,4
41Z5crbsvWuLfLKYC1Ryii,The Extremist,Joe Satriani,1.39e-05,0.44,0.912,0.488,0.836,0.0435,94.639,-5.965,0,10,223627,4
5hM5arv9KDbCHS0k9uqwjr,Borderline,Tame Impala,0.0406,0.621,0.873,0.873,9.1e-06,0.0369,97.96,-3.067,0,5,237800,4
1bSS3K3xpmizze5OsndqpF,Dial Drunk (with Post Malone),Noah Kahan,0.117,0.666,0.611,0.688,0.0,0.0305,112.101,-7.185,1,8,213817,4
6IFPfV8PNSYOmufzQ95hmm,Confession,Florida Georgia Line,0.106,0.549,0.878,0.44,6.07e-05,0.0358,104.98,-5.066,1,1,190640,4
4rJesaufMl2xD0f2G8Xgnd,Stone,Whiskey Myers,0.243,0.438,0.477,0.176,7.8e-06,0.031,137.645,-7.649,1,0,335623,4
1NrJYpdAi7uosDRPmSYrsG,Apologize,OneRepublic,0.363,0.593,0.74,0.502,2.22e-05,0.0339,118.008,-6.12,1,8,208107,4
0FDzzruyVECATHXKHFs9eJ,A Sky Full of Stars,Coldplay,0.00617,0.545,0.675,0.162,0.00197,0.0279,124.97,-6.474,1,6,267867,4
42T2QQv3xgBlpQxaSP7lnK,One Last Breath,Creed,0.00841,0.386,0.677,0.195,0.00366,0.0346,126.602,-5.83,1,2,238240,4
0RFgvrhkf9FiDRLA0BhzpZ,Drift Away,Uncle Kracker,0.181,0.583,0.66,0.861,0.0,0.0377,151.956,-5.078,1,11,255560,4
4svNZgdVZNtpWKbb7nsaLs,Start!,The Jam,0.00675,0.633,0.351,0.913,6.38e-05,0.0506,139.335,-8.896,1,0,149867,4
6Qyc6fS4DsZjB2mRW9DsQs,Iris,The Goo Goo Dolls,0.00125,0.315,0.715,0.497,7.97e-06,0.0362,155.925,-8.072,0,11,289533,3
4MAxWahEbzU8m4bD6mSZg9,You're Sixteen (You’re Beautiful And You’re Mine),Ringo Starr,0.0381,0.665,0.629,0.856,1.84e-05,0.0441,124.265,-12.852,1,8,169693,4
717TY4sfgKQm4kFbYQIzgo,Toxic,Britney Spears,0.0279,0.774,0.847,0.923,0.0182,0.121,143.011,-3.925,0,5,198813,4
6ARythwX35vFJgSwv8J7fO,On the River,Whiskey Myers,0.191,0.203,0.505,0.411,0.000296,0.033,207.535,-6.631,1,0,234011,4
0TfMitxzrMd2NTLxNXL2Hu,Georgia Peach,Quinn XCII,0.0147,0.766,0.69,0.843,5.39e-05,0.0488,97.015,-5.387,0,11,141364,4
4iySFfqYx3CTbKexKXKU27,Sunshine & Rainbows,Robert Sawyer,0.064,0.448,0.848,0.498,0.00511,0.0317,162.029,-5.724,1,10,220338,4
32Qerv3fdQZGsoWhpqVRnT,"Sugaree - Live in Veneta, Oregon 8/27/72",Grateful Dead,0.833,0.541,0.409,0.62,0.0484,0.0369,113.518,-10.844,1,4,449973,4
6wZI4mdT8JwXgkGURnBQiq,Say,John Mayer,0.541,0.485,0.723,0.541,1.12e-06,0.0317,167.845,-6.565,1,10,230213,4
61rbX38ZAjFhbQzf0pjg5t,Twist Like Licorice,Alex Brown & The Hepcats,0.0661,0.614,0.91,0.568,7.91e-06,0.0954,90.05,-5.537,0,11,161320,4
0HEmnAUT8PHznIAAmVXqFJ,Faith - Remastered,George Michael,0.0094,0.887,0.48,0.607,3.58e-05,0.117,95.846,-11.994,1,11,193200,4
0WOLMlN0I6doNQ8W8hhsVD,Loving Arms,The Bellfuries,0.609,0.603,0.732,0.614,0.0,0.0299,93.528,-5.543,1,2,198760,4
2oD72NjIsfPYzPbn8b8Hzg,High Class Baby,Cliff Richard,0.609,0.699,0.799,0.796,0.0,0.078,95.237,-9.148,0,7,130693,4
0hCB0YR03f6AmQaHbwWDe8,Whole Lotta Love - 1990 Remaster,Led Zeppelin,0.0484,0.412,0.902,0.422,0.131,0.405,89.74,-11.6,1,9,333893,4
1RoYFg5kEuPEtPzuCiYgmu,Starchildren,Skeleton Queen,0.000463,0.474,0.573,0.178,0.805,0.0269,130.033,-9.186,1,0,261914,4
4HVVexlM1cXVRbNzUB3GTq,Mensch ärger dich nicht - Radio Edit,BETTMAN,0.00122,0.498,0.893,0.815,0.195,0.0395,147.951,-4.711,1,9,166000,4
4wzjNqjKAKDU82e8uMhzmr,Face Down,The Red Jumpsuit Apparatus,0.000665,0.545,0.932,0.464,0.0,0.0399,92.956,-2.189,0,7,192000,4
6XUHsYE38CEbYunT983O9G,Give A Little Bit,Supertramp,0.0694,0.531,0.818,0.471,0.0096,0.0452,90.767,-5.358,1,2,248173,4
5MVJI1eQ7cLoC0fr6NRE69,Loving You,Cannons,0.0399,0.708,0.739,0.684,0.00126,0.056,111.035,-6.011,1,3,194595,4
6QDbGdbJ57Mtkflsg42WV5,Hot for Teacher - 2015 Remaster,Van Halen,0.000652,0.552,0.947,0.465,0.00025,0.15,127.631,-4.671,1,2,282747,4
0NBaQcjwg7ROSc8qosY5Fj,Lightning Bugs and Rain,Whiskey Myers,0.00182,0.473,0.888,0.853,0.0,0.0587,77.622,-6.343,1,9,191866,4
7dyzZ1pOznrXBXwzunv2si,Don't Get Me Wrong - 2007 Remaster,Pretenders,0.138,0.46,0.932,0.849,0.00496,0.0469,203.617,-6.264,1,0,227626,4
1k1Bqnv2R0uJXQN4u6LKYt,Ain't No Sunshine,Bill Withers,0.457,0.527,0.415,0.515,1.72e-05,0.122,78.169,-11.451,0,4,125093,4
5jhDeobWatA1XAHWKOWPh2,Killer,Adamski,0.0241,0.785,0.546,0.766,0.0681,0.0587,119.983,-13.945,0,10,250760,4
0WNGPpmWqzPnk0psUhJ3SX,All the Young Dudes,Mott The Hoople,0.208,0.429,0.668,0.398,0.0,0.044,77.737,-7.539,0,4,211067,4
3ZE3wv8V3w2T2f7nOCjV0N,Life on Mars? - 2015 Remaster,David Bowie,0.635,0.445,0.384,0.216,7.74e-05,0.0417,123.295,-14.642,1,10,235987,4
714Lw0m2SmCEhKSPw0Dn8J,Welcome to My Life,Simple Plan,0.0134,0.421,0.858,0.491,0.0,0.0963,173.255,-4.535,1,1,206773,4
0L6NSRfUEZPbRcvaRa9JCo,My Brother Jake,Free,0.581,0.694,0.561,0.73,0.00122,0.0293,110.259,-10.117,1,4,170293,4
2wrJq5XKLnmhRXHIAf9xBa,"10,000 Hours (with Justin Bieber)",Dan + Shay,0.153,0.654,0.63,0.43,0.0,0.0259,89.991,-4.644,1,10,167693,4
0utlOiJy2weVl9WTkcEWHy,Neighbors,J. Cole,0.319,0.898,0.283,0.469,0.000383,0.356,138.97,-12.335,0,6,216520,4
5sPcnAROB8f6hHIhxpfOpS,Heavy on Me,Whiskey Myers,0.49,0.649,0.443,0.209,0.000138,0.0338,122.309,-9.268,1,7,277647,4
32UeqVAk5om9dczDKvIzyC,Houston County Sky,Whiskey Myers,0.0154,0.46,0.703,0.78,0.0,0.0254,174.972,-5.749,1,7,245557,4
6kNhAShSevfTl8SCRuIqDb,Shelter from the Rain,Whiskey Myers,0.124,0.531,0.622,0.223,2.64e-05,0.0256,103.144,-5.636,1,7,216720,4
0kYUrLVQOfx21xuXu7OGrT,All These Things That I've Done,The Killers,0.00156,0.557,0.728,0.216,5.13e-06,0.0405,118.241,-6.181,1,6,301573,4
2ZrN9Pbr57Wd3Eb6IweWnr,Woman Love,Gene Vincent,0.644,0.461,0.523,0.855,0.0,0.0693,132.734,-14.131,1,7,153507,4
2p24lqlIGdDXaLVff4NwH8,I Miss You,blink-182,0.000761,0.652,0.766,0.641,6.34e-06,0.0345,110.011,-6.481,1,11,227813,4
7FTf3bJuCq5UYHjUwggKNB,Scene Seven: I. The Dance of Eternity,Dream Theater,0.0107,0.338,0.922,0.526,0.877,0.0709,122.311,-6.783,1,2,373693,4
13dUdcqUMuSeo8rZwJfVz6,Give Me the Night,George Benson,0.384,0.854,0.744,0.865,0.0379,0.0476,109.938,-6.922,1,1,223160,4
0dzm5UV2KgrI8aMH3DiHgQ,Rock A-Beatin' Boogie,Bill Haley & His Comets,0.61,0.509,0.932,0.844,0.000868,0.0772,182.115,-10.772,0,10,140493,4
70wYA8oYHoMzhRRkARoMhU,When You Were Young,The Killers,0.000152,0.467,0.988,0.321,0.0484,0.112,130.433,-3.313,1,11,220427,4
6OqMuD7b1gNBpH3gkBfmmx,Good Old Days,The Revivalists,0.0154,0.715,0.889,0.685,0.0,0.0363,109.451,-5.527,1,11,262904,4
2UhkB6rKxTdWJj3wiYkcyx,Hip Shakin' Baby,The Go Getters,0.0778,0.731,0.712,0.757,6.95e-05,0.0382,94.611,-7.413,0,11,129493,4
1iir1dMidSGRzbPMCCEtfX,Sophomore Slump Or Comeback Of The Year,Fall Out Boy,0.00637,0.572,0.907,0.557,0.0,0.0497,133.026,-3.387,1,11,203760,4
2tAeN2TKlQLOoSPXtARzBV,Eruption - 2015 Remaster,Van Halen,0.469,0.225,0.689,0.5,0.813,0.0555,93.798,-9.12,1,8,102080,4
40NRm1ZLvZpUSCUXAGGZ8J,Kung Fu Fighting,Carl Douglas,0.0422,0.598,0.673,0.59,6.9e-05,0.0693,102.034,-10.431,1,2,197693,4
1O2G9n2E8SFVJxvBRiP0G1,Glitter Ain't Gold,Whiskey Myers,0.00229,0.546,0.638,0.393,6.22e-05,0.0281,127.153,-4.802,1,9,216359,4
6IadkySzhPNWU0ZrXhVimN,In Ash,Hurricane on Saturn,0.000803,0.56,0.846,0.256,0.000154,0.0464,110.01,-5.956,0,3,256319,4
0vV0L1cw978ObVlllKZwlG,Murphy,LPMC,0.00091,0.515,0.826,0.519,4.93e-05,0.0747,147.962,-5.524,1,0,282414,4
1C0pmryC2MdXfa7MZ9uIrU,One Week,Barenaked Ladies,0.00854,0.702,0.898,0.731,0.000154,0.0373,112.845,-6.003,1,9,169760,4
6JRLFiX9NJSoRRKxowlBYr,Is This Love,Bob Marley & The Wailers,0.111,0.776,0.561,0.743,0.0,0.103,122.246,-8.375,0,6,232200,4
3Odl4ph6DwfIl4zGwO3rOm,New Dawn,Western Education,0.0032,0.437,0.931,0.373,0.0,0.063,156.851,-5.897,0,11,224987,4
4TV9GCDbseJD39W3QQe53z,Hank,Whiskey Myers,0.15,0.309,0.722,0.546,0.0,0.0381,146.539,-5.254,0,1,238262,4
1oYYd2gnWZYrt89EBXdFiO,Message In A Bottle,The Police,0.0338,0.577,0.808,0.869,1.33e-05,0.039,151.008,-7.04,0,1,290280,4
4kbz7rHVbyjKasuuqelccQ,White Flag,Dido,0.327,0.512,0.525,0.294,3.3e-06,0.0401,169.951,-6.823,1,5,240040,4
1r3M82sqImOu3AUwRdELRT,23,Rejjie Snow,0.276,0.803,0.637,0.5,1.68e-05,0.105,97.032,-7.191,0,4,181613,4
0L0HAZg6FGrBAS6QE7B1eI,The Fletcher Memorial Home,Pink Floyd,0.64,0.429,0.3,0.0524,0.000474,0.0336,123.362,-10.69,1,7,249442,3
2vULfNEAOjjRyjj6hs0kBm,Reward,The Teardrop Explodes,0.000637,0.389,0.746,0.899,0.000322,0.0321,159.876,-4.353,1,0,162267,4
1cCbsojaA6GIT7Y3zuMJ1q,Nangs,Tame Impala,0.159,0.536,0.526,0.434,0.847,0.181,167.608,-9.754,1,0,107533,4
6A48JrV1QyIbmd5cZglvRl,Never Can Say Goodbye,The Communards,0.399,0.582,0.869,0.866,0.00754,0.0315,132.16,-6.53,1,5,291320,4
45DElIx0dXqUH4A88yQFdE,Go With The Flow,Queens of the Stone Age,0.0148,0.242,0.992,0.374,0.113,0.0988,159.37,-3.9,0,4,187120,4
1cdC9TCqyLwAlsw3fVJaJS,Soundtrack 2 My Life,Kid Cudi,0.465,0.484,0.755,0.441,1.56e-05,0.136,86.496,-6.653,0,9,235627,4
1RIIMW4Df5Z7YTKHbXORiO,Get Rhythm,Johnny Cash,0.675,0.904,0.534,0.949,0.0,0.065,110.84,-9.003,1,5,132971,4
7aBAo2pO8LvrN8mGba7MvA,Icky Thump,The White Stripes,0.021,0.415,0.632,0.356,0.0117,0.0927,97.689,-7.243,1,9,254533,4
4BdGO1CaObRD4La9l5Zanz,Sit Next to Me,Foster The People,0.117,0.638,0.738,0.657,0.000384,0.0292,97.021,-4.976,0,6,243147,4
68HyvTUsmlpH1UJo9tn5v3,Zombie,The Cranberries,0.0145,0.252,0.738,0.256,0.000497,0.0446,165.187,-5.326,1,7,307440,4
33MhvoAQJRVN38lgUGEFjs,Trailer We Call Home,Whiskey Myers,0.824,0.518,0.201,0.217,4.16e-05,0.0298,81.847,-13.024,1,4,219502,4
7G59EUBvMPfIy1FTuobrqj,Broken Window Serenade,Whiskey Myers,0.138,0.548,0.539,0.435,1.83e-05,0.0247,74.956,-6.67,0,4,346333,4
4SUCcLQoBArqzBG2Wf9wCy,Guitar Picker,Whiskey Myers,0.00124,0.564,0.656,0.547,3.57e-06,0.0306,83.995,-6.014,1,7,208547,4
0jvcFcz6Tz8YMGLzdhng03,Pink Thunderbird,Jeff Beck & The Big Town Playboys,0.447,0.554,0.838,0.849,0.0,0.178,99.095,-6.471,0,2,150227,4
3F1hZN0HKt1YA83t2OwEFo,Mind Mischief - The Field Remix,Tame Impala,0.0002,0.542,0.559,0.0802,0.942,0.0276,89.87,-8.615,1,1,647788,4
1QzFhzIOW7CyRJLpmq5CM0,Counting Stars,OneRepublic,0.0654,0.663,0.705,0.477,0.0,0.0385,122.014,-4.972,0,1,257387,4
1vDMeYgFqDeicy8OtIr9nB,Can't Complain,Chase Behar,0.0098,0.461,0.664,0.391,0.0,0.0365,90.043,-4.392,0,6,160459,4
5KGZcnxuhwvfHyd6pcY2wd,Ride A White Swan,T. Rex,0.595,0.328,0.541,0.735,5.8e-05,0.0329,149.19,-6.595,1,8,134133,4
2TfSHkHiFO4gRztVIkggkE,"Sugar, We're Goin Down",Fall Out Boy,0.00579,0.494,0.842,0.574,0.0,0.0843,162.011,-4.784,1,7,229093,4
2ZWqInlvRK4FtbW9H6sIoL,Calm Before The Storm,Whiskey Myers,0.0212,0.397,0.556,0.208,0.00179,0.0274,132.012,-7.23,1,0,339680,3
2He3NOyqtLNE3RQPpeDdSb,Groove Is in the Heart,Deee-Lite,0.0153,0.694,0.881,0.924,0.0196,0.0701,121.554,-4.053,0,1,231787,4
7xe3EQCvXnx6Q0zs41Y65n,Great Balls of Fire,Jerry Lee Lewis,0.55,0.592,0.627,0.909,0.0,0.0662,79.567,-10.14,1,10,111240,4
1vP2JEXRsGrFbwOZ0foOQ5,Sound and Vision - 2017 Remaster,David Bowie,0.0328,0.667,0.804,0.759,0.0544,0.0398,105.799,-8.583,1,2,184382,4
1jzDzZWeSDBg5fhNc3tczV,Paranoid,Black Sabbath,7.85e-05,0.429,0.631,0.376,0.00411,0.0769,162.734,-11.514,0,4,168440,4
7KA4W4McWYRpgf0fWsJZWB,See You Again (feat. Kali Uchis),"Tyler, The Creator",0.371,0.558,0.559,0.62,7.49e-06,0.0959,78.558,-9.222,1,6,180387,4
3KhF2YiNpJvGpfiCW45R6D,Runnin' with the Devil - 2015 Remaster,Van Halen,0.148,0.472,0.9,0.42,0.000297,0.0582,95.826,-6.406,0,8,214960,4
6IdPpQQskFYhI6V39VtdpC,Til I Break It,DNA's Evolution,1.94e-05,0.568,0.813,0.746,0.14,0.0381,131.889,-7.834,0,4,193298,4
6TQ4DgGhK4if6DNVpyi8V4,Rumble,Link Wray,0.264,0.551,0.617,0.63,0.000784,0.0339,85.145,-9.842,1,9,145920,4
5YUJMvTg4AWHKjqQidTsGK,Ever Fallen in Love (With Someone You Shouldn't've?) - 1996 Remastered Version,Buzzcocks,0.000862,0.266,0.831,0.778,0.0,0.0453,175.514,-9.07,1,4,163693,4
7egu63DOhNpivWOpGtzqGS,Lamb's Wool,Foster The People,0.111,0.433,0.614,0.233,5.61e-05,0.0499,178.751,-7.594,0,8,276360,4
1NB8OypeBsSykWvcrlECNo,Hold Tight,zorin morris,0.0005,0.519,0.85,0.387,0.00199,0.0381,145.056,-5.691,0,6,178875,4
7gN24J8E0pR3G2nsbhkcjw,The First Cut Is The Deepest,Sheryl Crow,0.0374,0.509,0.701,0.672,0.0,0.033,160.048,-5.372,1,2,227400,4
2fuCquhmrzHpu5xcA1ci9x,Under Pressure - Remastered 2011,Queen,0.429,0.671,0.712,0.462,0.0,0.0476,113.805,-7.815,1,2,248440,4
0vFV6DfCmNMImtKz0QKrWV,Exodus,Bob Marley & The Wailers,0.0303,0.869,0.751,0.96,0.00307,0.0487,132.835,-8.594,1,7,460333,4
4zg2zMNSI0W8ipGA32kKp5,The Cult of Dionysus,The Orion Experience,0.00739,0.66,0.854,0.822,0.0,0.029,137.498,-3.728,0,1,185307,4
7GPTK0ueaymxm8UUvYyP2l,Gasoline,Whiskey Myers,0.00105,0.517,0.904,0.529,0.000913,0.0395,127.049,-4.234,1,5,239115,4
3rUHyuFsFizq8gIQO0z2jH,Spanish Fly - 2015 Remaster,Van Halen,0.863,0.439,0.238,0.799,0.869,0.0703,160.963,-14.95,0,2,61640,3
4ZHPfdvTgCDGIeP8fAUVpG,You'll Always Find Me In The Kitchen At Parties,Jona Lewie,0.62,0.581,0.495,0.532,0.0205,0.0434,92.846,-10.233,1,5,186627,4
6lS8JhZyuZ5UtIwhuPmXfc,Wish,Erik Hansen,0.00156,0.428,0.902,0.493,0.655,0.037,102.429,-4.263,0,10,211819,4
2EEeOnHehOozLq4aS0n6SL,iSpy (feat. Lil Yachty),KYLE,0.378,0.746,0.653,0.672,0.0,0.289,75.016,-6.745,1,7,253107,4
39PU2z9LesM4HRvD6zY1Tg,The Eton Rifles,The Jam,0.000582,0.407,0.825,0.871,0.118,0.0318,157.32,-9.193,0,9,237560,4
07GvNcU1WdyZJq3XxP0kZa,Go Your Own Way - 2004 Remaster,Fleetwood Mac,0.0185,0.583,0.947,0.803,0.00109,0.0378,135.448,-5.12,1,5,223613,4
05RgAMGypEvqhNs5hPCbMS,Panama - 2015 Remaster,Van Halen,0.00122,0.526,0.978,0.451,4.75e-05,0.108,141.167,-5.436,1,8,210227,4
5LSUd29YfWimwhfb1EGDcG,Breathe,Why Amnesia,0.0342,0.476,0.631,0.329,0.0,0.0358,151.491,-7.375,1,2,285718,4
305WCRhhS10XUcH6AEwZk6,Are You Gonna Be My Girl,Jet,0.00117,0.606,0.957,0.603,0.000295,0.0814,105.105,-3.404,1,2,213800,4
1aNv2vv4EqRyQ6eFdQDAsm,Cherokee Boogie,BR549,0.332,0.623,0.79,0.965,2.45e-05,0.0393,165.642,-8.97,1,7,150320,4
2FpGKiMD2kGDn8Lb9RLRLk,Birthday Suit,Cosmo Sheldrake,0.828,0.739,0.575,0.532,7.35e-05,0.22,62.474,-8.109,1,8,80407,4
4wcAjBySOZnxMuZKHS8VMI,Hey Joe,Jimi Hendrix,0.00365,0.35,0.763,0.514,0.426,0.0358,168.227,-5.597,1,9,210053,4
324ooBn6o9iejPq9VUxkaQ,Chalk It Up To The Blues,Big Sandy & His Fly-Rite Boys,0.694,0.624,0.845,0.895,0.00011,0.0606,87.416,-5.197,1,4,192467,4
1xPSDf8z4dH46gkvlLtvDO,Maniac,Michael Sembello,0.0891,0.617,0.533,0.835,4.04e-06,0.0651,158.86,-11.516,0,3,244707,4
1MJ5f5EYBC92ADD6xcz7nb,Chamber Of Reflection,Mac DeMarco,0.263,0.537,0.558,0.505,0.91,0.0929,131.037,-8.678,1,11,231724,4
3od7GuuT5IliXCARbpAZsD,Kentucky Gold,Whiskey Myers,0.0128,0.504,0.739,0.306,0.0,0.0306,76.519,-5.708,1,0,251006,4
6EMQo2suHaUYZVsbGVTxSZ,Jealous Guy,Roxy Music,0.039,0.512,0.622,0.378,0.00568,0.0267,77.633,-7.651,0,4,297307,4
7ouMYWpwJ422jRcDASZB7P,Knights of Cydonia,Muse,0.000273,0.366,0.963,0.211,0.0122,0.142,137.114,-5.301,0,11,366213,4
1uwV3xM1fW3jHG8nBLZNKm,Taabouk | تعبوك,Midnight Pin,0.039,0.285,0.719,0.349,0.00159,0.0676,155.035,-7.368,0,11,278674,4
2TXzXJWWzESQq5glbDtZc9,Ice Cream Man - 2015 Remaster,Van Halen,0.0698,0.402,0.759,0.579,0.0,0.134,88.085,-7.685,0,10,198373,4
62GncHY2Zlet2US2ZCtaBU,Dignity,Deacon Blue,0.0761,0.6,0.586,0.608,0.000151,0.0273,105.163,-10.924,1,5,238440,4
39shmbIHICJ2Wxnk1fPSdz,Should I Stay or Should I Go - Remastered,The Clash,0.0804,0.743,0.836,0.82,0.0,0.116,113.375,-6.465,1,2,188987,4
4b6fXO0jpj2XzttRYCkoTe,If You Love Me,Jack Quest,0.00272,0.68,0.769,0.381,4.94e-05,0.0482,175.588,-8.899,1,3,299649,4
5uU1uuyaUIBOiiUSQG7Wl3,You Proof,Morgan Wallen,0.252,0.731,0.85,0.644,0.0,0.0336,119.706,-4.913,1,9,157478,4
0S2cMsSo3KgOQF8QdxgYrk,Layla,Derek & The Dominos,0.475,0.415,0.653,0.234,0.469,0.054,114.363,-11.787,1,5,433107,4
7Fa6wWwX9PPxNcdzBaRwmo,Cure,Eyesight,2.73e-05,0.667,0.682,0.225,0.748,0.0322,118.022,-8.152,1,0,187051,4
40CQYZ3ZoxTmwcCTTliqwc,Christ Crucified,Vini Contreas,0.0397,0.583,0.684,0.68,0.00614,0.0343,145.027,-8.924,0,4,247138,4
5XoAJIHxS57W5lpPXPXsFs,Devil's Prey,Enemy of Fate,0.000354,0.422,0.935,0.411,0.158,0.106,185.081,-5.795,0,11,229335,4
1v0ufp7FLTFcykUGOmFZKa,Daffodils (feat. Kevin Parker),Mark Ronson,0.0408,0.724,0.538,0.282,0.0139,0.0381,108.945,-8.041,1,0,298133,4
7t5MUcFIIayP1M6TNhtWE0,Summer Time High Time,Cuco,0.0435,0.528,0.671,0.581,1.74e-05,0.0355,112.934,-3.945,1,2,208067,4
2SknHmwY6GiOv6aK7YRahd,Rock This Town,Stray Cats,0.104,0.254,0.853,0.711,0.0,0.0517,201.952,-10.218,1,2,207000,4
7zmQOuwLtQVu6CnDVOYXNu,Glad All Over,Carl Perkins,0.32,0.77,0.72,0.868,0.0,0.0376,104.956,-9.591,1,8,99631,4
5LyRtsQLhcXmy50VXhQXXS,Holy Wars...The Punishment Due - 2004 Remix,Megadeth,0.00177,0.325,0.985,0.221,0.107,0.151,125.307,-3.941,1,11,392600,4
4niYgqetPxqqPn7oR2XXLX,Sunday Girl - Remastered 2001,Blondie,0.0252,0.617,0.694,0.878,6.57e-06,0.0432,146.318,-7.393,1,9,185560,4
5atlAt28h9xM5wxPspr5MU,Whole Wide World - Unpeeled,Cage The Elephant,0.377,0.405,0.751,0.762,0.0,0.0392,120.807,-3.608,1,5,205707,4
2LXjhNee4iPRVemx9NSZQ3,Vienna,Ultravox,0.134,0.571,0.417,0.384,0.402,0.0449,79.768,-15.738,1,5,294147,4
5O6CV0SrVTm9hAljsrLyn5,It Burns,Pageant Mum,0.0239,0.475,0.847,0.34,1.07e-05,0.0697,109.892,-5.586,0,6,244824,4
1Ew5LMm5bISWtf0V6HF3xP,Please Mama Please,Go Cat Go,0.785,0.573,0.677,0.532,0.0,0.0697,91.588,-7.633,1,0,209554,4
47gmoUrZV3w20JAnQOZMcO,Blue Suede Shoes,Elvis Presley,0.654,0.557,0.66,0.962,1.66e-06,0.056,95.252,-7.706,1,2,119200,4
1kusepF3AacIEtUTYrw4GV,Paper Planes,M.I.A.,0.033,0.447,0.848,0.485,7.45e-05,0.222,172.247,-6.175,1,2,203760,4
3fXFhoffpzywnfHC3BpyuX,Cathedral - 2015 Remaster,Van Halen,0.994,0.427,0.162,0.307,0.903,0.0479,102.759,-14.99,0,4,83170,1
0rKtyWc8bvkriBthvHKY8d,SLOW DANCING IN THE DARK,Joji,0.544,0.515,0.479,0.284,0.00598,0.0261,88.964,-7.458,1,3,209274,4
2pxAohyJptQWTQ5ZRWYijN,The Trooper - 1998 Remastered Version,Iron Maiden,0.0238,0.286,0.856,0.696,0.0542,0.0585,162.12,-6.777,0,4,250973,4
5uQ7de4EWjb3rkcFxyEOpu,Belong Together,Mark Ambor,0.491,0.646,0.668,0.64,0.0,0.0282,90.969,-5.203,1,2,148318,4
6VqC5gNL532RfgdlGzNAv0,North Side Gal,JD McPherson,0.523,0.687,0.64,0.97,1.32e-06,0.0515,84.969,-7.799,1,2,151493,4
2Qxn4coed4Rrk98dyHtgds,The Green Superintendent,Mako Road,0.557,0.703,0.745,0.786,0.0,0.0619,152.006,-5.498,0,6,183073,4
7jS9Kr6NlohRkUqeGctAr4,Freedom Lover,Ocean Alley,0.0365,0.522,0.744,0.368,1.31e-05,0.0412,136.714,-4.513,1,8,212683,4
0SQVqHYKlKe7fIqklsQSKK,Shoot Me Down,Romi Peles,0.0361,0.585,0.539,0.326,0.0155,0.0243,81.922,-11.219,1,7,136795,3
5Bkw0lMhwk8tF4kMgCCJLv,Dreamland,Glass Animals,0.883,0.253,0.352,0.099,0.00191,0.0357,141.97,-11.509,1,8,203492,5
2wdEXKLcuU7B0M2gqFmABH,Photograph,Nickelback,0.000932,0.515,0.876,0.385,0.000166,0.0292,145.916,-3.756,1,8,258920,4
6kimW00y9KgTksSrRb78Mb,Gimme More,The Hellbound Hepcats,0.164,0.613,0.91,0.841,0.00417,0.0658,103.046,-6.535,0,11,117347,4
2hSmv6Dx5L55TwddgzdLBu,Through The Fire And Flames,DragonForce,0.00144,0.109,0.952,0.137,0.00922,0.123,199.952,-4.885,0,0,439213,4
2co8fDyaVmxv8xruQWORnC,Road to Nowhere - 2005 Remaster,Talking Heads,0.0404,0.654,0.789,0.579,1.31e-05,0.0322,110.37,-4.901,1,2,260213,4
0lHSJ0ZP8uUPnJXhMdGjOK,Attack,Thirty Seconds To Mars,0.00332,0.333,0.877,0.285,0.00101,0.0603,175.095,-1.894,0,5,188187,4
2VSbEXqs6NbNiZSTcHlIDR,My Sacrifice,Creed,0.000101,0.32,0.88,0.257,4.31e-06,0.0504,146.349,-6.035,1,2,294600,4
0PFLUb13SISgyUekNWuJ4e,Lemonworld,Ocean Alley,0.094,0.458,0.614,0.485,0.0,0.0322,149.228,-6.336,0,4,194554,4
4eAV1ZCliRotEcjzEbOWNW,Cigarettes & Wine (feat. Holly Humberstone),Del Water Gap,0.519,0.412,0.739,0.679,6.04e-05,0.0673,166.168,-7.83,1,1,181667,4
3SC4yUuwlSL8NvsYgo7B0M,According To You,Orianthi,0.0227,0.612,0.917,0.54,5.45e-06,0.0542,131.011,-2.549,1,5,200253,4
3Z9PJ6xiEGmcqo2hESEB5n,Bitter Sweet Symphony,The Verve,0.0336,0.362,0.911,0.498,0.0,0.049,171.112,-5.966,1,9,357267,4
0gdmDP6xy3ZV7JNoHWAN9k,Town Called Malice,The Jam,0.00228,0.542,0.91,0.775,0.00524,0.0873,101.774,-8.924,1,7,173320,4
0wGBue7IBpSPaQCgFqkmZW,Hammer,Whiskey Myers,0.00206,0.477,0.789,0.613,0.00416,0.0284,78.05,-5.649,1,0,301316,4
1Rx2AHqY2md1mtavuFzEA7,Heart Brakes,Dylan Marlowe,0.00167,0.45,0.774,0.538,0.0,0.0345,74.96,-4.67,1,0,199733,4
4KTtYhxFtFL7mBwnjkKfLm,Glamorous,Fergie,0.291,0.81,0.755,0.625,0.0,0.199,130.991,-6.408,1,0,246573,4
2dpcXxdL7VJffajmBDGtxG,Sixteen Chicks,Joe Clay,0.625,0.625,0.777,0.796,0.00126,0.0647,105.359,-9.955,1,6,119467,4
62uLNJgVZaFiEiKV4LpoYJ,Walking On The Moon,The Police,0.00142,0.514,0.34,0.269,0.0173,0.0537,145.992,-12.779,1,0,300827,4
7Jh1bpe76CNTCgdgAdBw4Z,Heroes - 2017 Remaster,David Bowie,0.000678,0.489,0.758,0.435,0.49,0.0297,112.113,-6.491,1,7,371413,4
3354J49VpkbZJho7Ztdzpw,Jumper - 1998 Edit,Third Eye Blind,0.0129,0.599,0.543,0.624,0.00204,0.0302,91.105,-9.226,1,0,272973,4
739vCwA3EpBSkk3uDsI2wB,Lemon (feat. Drake) - Drake Remix,N.E.R.D,0.000738,0.777,0.657,0.245,3.34e-06,0.237,189.992,-6.434,1,1,226107,4
0NJuW6j61SEQU3p0MOTR1D,Folsom Prison Blues,Johnny Cash,0.675,0.727,0.678,0.802,3.75e-05,0.0256,101.386,-5.746,1,5,169343,4
0a7BloCiNzLDD9qSQHh5m7,"Dance, Dance",Fall Out Boy,0.00523,0.621,0.961,0.449,0.0,0.154,114.451,-3.198,0,11,180267,4
4L35UhPRhJMStVMymWEpEk,All By Myself,Johnny Burnette & The Rock 'N' Roll Trio,0.625,0.686,0.68,0.924,0.0104,0.0547,81.11,-8.195,1,11,120507,4
4RVbK6cV0VqWdpCDcx3hiT,Reborn,KIDS SEE GHOSTS,0.339,0.585,0.597,0.227,0.0404,0.037,100.051,-7.499,1,0,324674,4
2AX5E86cn9n2dgioZEjirI,Golden Brown,The Stranglers,0.143,0.562,0.383,0.599,0.124,0.0304,93.764,-15.474,1,6,206760,3
2b8fOow8UzyDFAE27YhOZM,Memories,Maroon 5,0.837,0.764,0.32,0.575,0.0,0.0546,91.019,-7.209,1,11,189486,4
2dLLR6qlu5UJ5gk0dKz0h3,Royals,Lorde,0.12,0.674,0.426,0.337,0.0,0.122,84.876,-9.504,1,7,190185,4
5CQ30WqJwcep0pYcV4AMNc,Stairway to Heaven - Remaster,Led Zeppelin,0.58,0.338,0.34,0.197,0.0032,0.0339,82.433,-12.049,0,9,482830,4
3wtMkvedoWMQ3XTKv7tqcZ,Love Is The Drug,Roxy Music,0.059,0.839,0.755,0.612,0.0116,0.0936,124.65,-5.393,1,2,251333,4
61nSbxyL6VRPp32AMscxiF,Crazy Train - 2002 Version,Ozzy Osbourne,0.0184,0.465,0.902,0.603,0.00114,0.0587,137.272,-4.628,1,9,289467,4
7oT0h5aARugEAETypsgI87,Ultimate,Jake Alan,0.00066,0.495,0.875,0.765,0.0,0.0424,159.545,-3.442,0,6,186677,4
0rRboI6IRuGx56Dq3UdYY4,Because I Got High,Afroman,0.169,0.802,0.341,0.849,0.0,0.488,166.01,-8.56,1,7,197760,4
3n69hLUdIsSa1WlRmjMZlW,Breezeblocks,alt-J,0.096,0.615,0.658,0.293,0.000911,0.0343,150.093,-7.299,1,5,227080,4
7yCPwWs66K8Ba5lFuU2bcx,All The Small Things,blink-182,0.0122,0.439,0.891,0.695,0.0,0.057,148.599,-4.764,1,0,168000,4
2le9fblYnfoLr9dkZIsJUa,"Baby, I Love Your Way",Big Mountain,0.0528,0.651,0.747,0.776,0.0,0.0699,147.518,-7.269,0,1,249520,4
4wNATViXFXHOKsGgEehnBT,Teenage Kicks,The Undertones,4.98e-06,0.375,0.848,0.705,0.0,0.0387,134.926,-6.818,1,2,144960,4
2o4Tod9IvafYeZYwENqW0t,Blue Sky,Allman Brothers Band,0.445,0.5,0.551,0.84,0.000932,0.0274,94.307,-11.626,1,9,309387,4
72YATNrv9D0QIVgOURyTFg,Drop The Pilot,Joan Armatrading,0.0349,0.672,0.488,0.964,4.32e-06,0.0349,127.887,-15.441,1,1,221987,4
6fjqKdkYCTJgAkRm7RcFUm,Nottingham Lace,Buckethead,0.00242,0.581,0.869,0.368,0.859,0.0646,109.986,-3.677,0,0,393427,4
48UPSzbZjgc449aqz8bxox,Californication,Red Hot Chili Peppers,0.0021,0.592,0.767,0.328,0.00165,0.027,96.483,-2.788,0,9,329733,4
4ylJLlzB2erJwrEnRIstgF,Don't Be Shy,Tom Morgan,0.0472,0.892,0.743,0.715,2.3e-06,0.0357,108.026,-4.637,1,6,203200,4
78yhyUxySnvE5C60HKEZSK,American Spirit,COYO,0.155,0.536,0.883,0.774,0.171,0.0979,82.536,-1.169,0,2,209455,4
4lXBIshfa0juWxi6odtLHt,Early Morning Shakes,Whiskey Myers,0.159,0.389,0.834,0.531,0.0,0.0851,152.346,-3.629,1,9,197187,4
5y1Uc72BAKxaleTEXpcJJq,The Final Cut,Pink Floyd,0.787,0.462,0.364,0.0781,0.000682,0.0335,58.588,-9.831,1,5,282602,4
0ofHAoxe9vBkTCp2UQIavz,Dreams - 2004 Remaster,Fleetwood Mac,0.0644,0.828,0.492,0.789,0.00428,0.0276,120.151,-9.744,1,0,257800,4
1QUQkPdroMjVD4FeEQ1c3U,Be Bop a Lula,Gene Vincent,0.488,0.575,0.482,0.85,0.0,0.0454,127.631,-12.705,1,9,156493,3
6wpGqhRvJGNNXwWlPmkMyO,I Still Haven't Found What I'm Looking For,U2,0.0135,0.564,0.774,0.657,0.00191,0.0368,100.894,-9.424,1,1,277477,4
1aLNpg2kKvUncflV8xE5AA,Linger,The Cranberries,0.0841,0.438,0.428,0.209,4.63e-05,0.0263,94.864,-14.861,1,7,274760,4
4tt1F3ao7h6C7GGFCkalyD,Accelerate,Armand,3.51e-05,0.218,0.868,0.136,0.645,0.106,98.545,-16.542,1,4,320075,4
6HJzCcSMggn7Ultxs48dAe,Nobody Puts Baby In The Corner,Fall Out Boy,0.000549,0.528,0.94,0.651,0.0,0.0588,101.588,-4.186,1,0,200747,4
2aoo2jlRnM3A0NyLQqMN2f,All Along the Watchtower,Jimi Hendrix,0.00255,0.438,0.805,0.564,5.69e-05,0.0624,113.253,-6.237,1,8,240800,4
7ED3w5ryxsl7VuWI6YefNT,Windows to Walls,Joker's Belief,0.00619,0.46,0.572,0.529,0.000201,0.0368,159.961,-9.53,1,7,208895,4
0ire4j2mcGovF5JA1D2cTp,Don't Leave Me This Way (with Sarah Jane Morris),The Communards,0.135,0.64,0.926,0.901,2.04e-06,0.0322,131.997,-5.597,1,3,271067,4
18lR4BzEs7e3qzc0KVkTpU,What I've Done,Linkin Park,0.0092,0.627,0.935,0.287,0.0,0.0324,120.092,-4.882,1,5,205227,4
4t25XOXcvDXecxERNjWigj,Freefall,Raymond Revel,0.171,0.908,0.346,0.289,0.341,0.12,120.054,-9.382,1,2,146044,4
6xHI9KjUjYT0FPtGO8Mxa1,Hurricane,Luke Combs,0.0153,0.464,0.813,0.515,0.0,0.0416,75.977,-6.185,1,10,222533,4
2grjqo0Frpf2okIBiifQKs,September,"Earth, Wind & Fire",0.168,0.697,0.832,0.979,0.00131,0.0298,125.926,-7.264,1,9,215093,4
60bF2b61f7Q5Bt82QCBwvc,Brothers In Arms,Dire Straits,0.53,0.214,0.423,0.136,0.876,0.0323,76.145,-9.454,0,8,419773,4
4TOMI010Sd4ZAX4aZ5TS85,Perfect Day,Lou Reed,0.744,0.4,0.267,0.0872,0.00734,0.0323,144.799,-12.488,1,10,225000,3
4xoF9Pzc1oIAEq8Hyx1Q5F,Flow Now,Froogle,0.63,0.741,0.758,0.362,0.0653,0.0424,103.906,-5.671,1,2,143077,4
2nXtGLBgSu60upR05CGEBN,butterfly fields,Christian French,0.537,0.64,0.575,0.613,6.52e-06,0.0528,71.981,-7.504,1,10,208749,4
6lPmuDm7kvUcdK2omu6B38,Heart of Stone,Whiskey Myers,0.638,0.618,0.317,0.258,1.11e-06,0.0264,129.011,-10.372,0,3,265507,4
0yo6lVHmhSRLW0dWopkcRv,The Best of Times,Dream Theater,0.000858,0.204,0.719,0.13,0.0139,0.0374,75.411,-5.427,0,9,787867,4
4Q0ML89z8cVzfuR04Sq8Md,Daddy Cool / The Girl Can't Help It,Darts,0.0141,0.354,0.899,0.868,0.0,0.1,169.871,-8.459,0,10,149160,4
3gue80vReQORLjUwiiMDok,Take Me as I Am (From the Film Blake Edwards a Love Story in 24 Frames),The Uninvited,0.0513,0.581,0.683,0.891,0.0788,0.0355,124.062,-5.492,1,9,221861,4
2x5IXUFOcvvBUtEpnCBNlp,Alive And Kicking,Simple Minds,0.0753,0.572,0.913,0.561,1.5e-05,0.0362,103.265,-4.26,1,0,289453,4
2JS1iE5A5RHvUPH5Zl9jlF,Run to the Hills - 1998 Remastered Version,Iron Maiden,0.0103,0.221,0.956,0.432,0.000523,0.0876,173.254,-4.641,1,0,233960,4
7to68V64Cu6zk0UDo5tyw3,Confidence,Ocean Alley,0.0637,0.59,0.562,0.561,0.0,0.0505,140.835,-9.607,0,11,253077,4
37adYGaYaAWTGhBaOzX4Fh,Take A Slice,Glass Animals,0.0212,0.623,0.661,0.63,0.000229,0.1,151.97,-7.0,1,9,229718,4
1xLsKPnyYC5uHHhQStJDC6,Rabenherzen,Gefrierbrand,1.4e-05,0.252,0.893,0.168,0.737,0.0788,180.825,-5.149,0,9,250520,3
242an1fMGhvlNx7RGBufqb,feel real,Mutinous_Sin,0.000961,0.465,0.358,0.0986,0.00305,0.027,150.003,-12.966,1,6,161215,4
2PpruBYCo4H7WOBJ7Q2EwM,Hey Ya!,Outkast,0.103,0.727,0.974,0.965,0.000532,0.0664,79.526,-2.261,0,4,235213,4
6d3I7THB2bONUkxOo1DvmZ,Voodoo Child (Slight Return),Jimi Hendrix,0.502,0.356,0.905,0.438,0.0137,0.309,87.57,-6.652,1,8,312427,4
4RoVnrnE2Mk9AJlZmJVKZG,Highly Strung,Orianthi,0.000334,0.399,0.956,0.372,0.836,0.0831,119.956,-4.512,1,0,248067,4
0LtOwyZoSNZKJWHqjzADpW,Feels Like We Only Go Backwards,Tame Impala,0.0277,0.303,0.9,0.491,0.635,0.0574,149.508,-2.352,0,2,192960,4
3VbUMi9Armyzsz6iHrZvrM,Feet's,Whiskey Myers,0.00111,0.445,0.912,0.841,0.000265,0.0683,190.093,-5.426,0,4,274370,4
1XcAxKOoLRUvXl2YfLnGhU,Now You Know,Sugarcane Firewater,0.00859,0.672,0.84,0.793,0.00038,0.0752,149.943,-9.516,1,2,180433,4
5dAxeuDkIkpa6wZpMOuG9i,I Fought the Law,The Clash,0.00539,0.526,0.9,0.883,4.12e-05,0.0545,151.279,-6.815,1,2,163240,4
5X13b4CYce5Y6NYPfmYsXr,One Draw,Rita Marley,0.0312,0.791,0.43,0.716,0.000189,0.068,89.519,-11.316,1,2,265627,4
6MDTpYxPFL0wtFd0pjfKws,Rhythm Of Love,Plain White T's,0.356,0.531,0.542,0.726,0.0,0.0432,171.878,-7.721,1,8,200200,4
6Gn02ZC8juXwQ10Xk7ACXx,The Reason,Hoobastank,0.0125,0.474,0.659,0.075,0.0,0.0292,82.957,-4.667,1,4,232800,4
1GjbTNFImFrjFsNdleDe78,Never Tear Us Apart,INXS,0.00294,0.664,0.613,0.193,0.000129,0.0273,96.6,-7.56,1,0,184587,3
4kUZvXB3LC3an3HX6h0s17,Cudi Montage,KIDS SEE GHOSTS,0.401,0.729,0.504,0.305,1.44e-06,0.0321,110.011,-6.784,0,8,197001,4
5HNCy40Ni5BZJFw1TKzRsC,Comfortably Numb,Pink Floyd,0.15,0.472,0.366,0.171,0.312,0.0286,127.163,-12.595,0,11,382297,4
5WNYg3usc6H8N3MBEp4zVk,Boredom (feat. Rex Orange County & Anna of the North),"Tyler, The Creator",0.79,0.559,0.578,0.239,0.000522,0.151,79.938,-9.54,1,8,320720,4
1nOTAgKkQYPVdda05ltt8N,Keep On Lovin' Me Baby,The Paladins,0.16,0.336,0.835,0.526,0.0,0.0629,173.479,-10.752,0,9,242933,4
08m7pwirwY6h90JE8dZ3D3,59 Ford,The Firebirds,0.097,0.687,0.872,0.771,0.00889,0.0397,92.017,-9.716,1,0,126827,4
1S7enqSDZi5OE5hRxuhNIa,Ex Wants Me Dead,Orlando Kallen,0.297,0.757,0.515,0.849,0.00285,0.32,110.072,-9.07,0,8,166909,4
2UikqkwBv7aIvlixeVXHWt,You Should Probably Leave,Chris Stapleton,0.268,0.602,0.477,0.552,3.1e-05,0.032,183.89,-8.425,1,9,213493,4
6pP7muebYMLT46IOZOLvyN,Tiny Moves,Bleachers,0.334,0.688,0.65,0.917,0.0541,0.0538,155.99,-8.254,1,9,228382,4
1oJSAzNyTUCm36zhFYMcAZ,Big Yellow Taxi,Counting Crows,0.00241,0.599,0.872,0.848,0.0,0.0521,88.044,-4.324,1,1,225427,4
6Qwuw0eOeszVlewLpu24gR,I'm with You,Vance Joy,0.805,0.657,0.396,0.115,1.58e-06,0.0293,110.003,-9.255,1,7,239787,3
6pBM20jZldvNlbNcnwAX0y,Beat It,Michael Jackson,0.0505,0.782,0.866,0.896,1.39e-05,0.0489,138.859,-3.763,0,3,257907,4
1e4VI5FvKgh1BYWhxMINnl,Overflow,Bootleg Rascal,0.589,0.757,0.629,0.681,0.285,0.0685,73.007,-8.376,0,10,226720,4
3Q4WeJmzxuDpzMu9QjQqbM,Big Girls Don't Cry (Personal),Fergie,0.205,0.708,0.641,0.253,0.0,0.0335,113.082,-4.296,1,7,268120,4
4JGKZS7h4Qa16gOU3oNETV,Dreams,The Cranberries,0.0031,0.551,0.645,0.508,0.00376,0.0354,128.665,-13.093,1,4,271560,4
4KoecuyOpZaNFZ0UqVsllc,Follow Me,Uncle Kracker,0.439,0.817,0.585,0.916,0.0,0.0301,105.014,-4.688,1,5,218440,4
0DR5MTIyJO1JR4Wsyqam0Y,As The Years Go Passing By,Albert King,0.508,0.543,0.0802,0.363,0.0278,0.0333,93.257,-24.878,0,5,228227,3
3TO7bbrUKrOSPGRTB5MeCz,Time,Pink Floyd,0.521,0.359,0.48,0.355,0.0043,0.0841,120.285,-11.79,1,9,413947,4
1le5KVGTF1xWf2aUj7ruLy,Fallin' For You,Colbie Caillat,0.156,0.644,0.834,0.593,0.0,0.0275,117.043,-6.473,1,4,215547,4
24I79N8zfjkbSysmzosfnl,My Mumblin' Baby,Four Charms,0.519,0.476,0.715,0.835,0.0095,0.233,201.523,-6.287,1,7,178680,4
7oGpYDcFyHQSQS0CvEejVB,Discount De Kooning (Last One Standing),The Vaccines,0.0224,0.409,0.826,0.564,0.0,0.0422,151.992,-3.919,1,0,229165,4
5MtN38MGEWJt60LwtBmFNP,Texas Flood,Stevie Ray Vaughan,0.000788,0.256,0.423,0.441,0.402,0.035,173.27,-11.994,1,6,320907,3
0SKXY43BvvMRemGKFdCx4x,Cool For Cats,Squeeze,0.351,0.783,0.884,0.961,0.000303,0.0979,144.151,-9.996,1,0,194333,4
6K4t31amVTZDgR3sKmwUJJ,The Less I Know The Better,Tame Impala,0.0115,0.64,0.74,0.785,0.00678,0.0284,116.879,-4.083,1,4,216320,4
5BP0oaQ1VhuaznT77CBXQp,Where Is My Mind?,Pixies,0.0177,0.508,0.597,0.185,0.000856,0.0396,81.982,-8.063,1,4,231667,4
0a4agFmqHXxcZl1nho1BxM,Heart Of Glass - Special Mix,Blondie,0.015,0.694,0.577,0.846,0.00859,0.0309,114.477,-14.63,1,4,275733,4
3euDGpS2R0NC2Xssqxohva,Scarlet Begonias - 2013 Remaster,Grateful Dead,0.314,0.537,0.559,0.918,0.000795,0.0315,167.758,-12.224,1,4,259702,4
3v9ELl9T121dhadZyIiQVn,Thorn in My Side - Remastered,Eurythmics,0.0421,0.663,0.903,0.775,1.44e-05,0.0294,122.206,-2.529,1,7,253400,4
4NrGMEm5SvvpJ9Tk1Rq3cP,Dilemma,Green Day,0.000318,0.545,0.892,0.671,0.0,0.0558,120.41,-3.381,1,2,198325,4
4uvjOKsp7mSjrDhWdkLPBY,I Think We're Alone Now,Tiffany,0.025,0.752,0.723,0.94,0.00354,0.0507,130.519,-12.126,1,7,228840,4
1L5tZi0izXsi5Kk5OJf4W0,Rehab,Amy Winehouse,0.0473,0.434,0.872,0.732,1.83e-06,0.0702,71.515,-2.974,1,0,213760,4
4bCIt1XfHHGWo1UHKM11y9,Breakeven,The Script,0.173,0.63,0.698,0.529,0.0,0.0244,94.023,-4.51,1,10,261427,4
59WN2psjkt1tyaxjspN8fp,Killing In The Name,Rage Against The Machine,0.0266,0.466,0.833,0.661,0.0,0.304,88.785,-4.215,1,7,313573,4
5txoZyuAmtCfmDjUCEphWm,Somebody To Love,Queen,0.164,0.465,0.704,0.366,0.0,0.0653,109.772,-6.975,1,8,295733,3
3cfOd4CMv2snFaKAnMdnvK,All Star,Smash Mouth,0.0394,0.731,0.867,0.776,0.0,0.032,104.02,-5.881,1,11,200373,4
2RnPATK99oGOZygnD2GTO6,With A Little Help From My Friends - Remastered 2009,The Beatles,0.365,0.705,0.515,0.803,0.0,0.0337,112.035,-9.343,1,4,164107,4
3L7RtEcu1Hw3OXrpnthngx,Don't You Want Me,The Human League,0.184,0.731,0.738,0.958,0.0,0.0377,117.656,-8.125,0,9,236920,4
5FEXPoPnzueFJQCPRIrC3c,Day 'N' Nite (nightmare),Kid Cudi,0.499,0.871,0.44,0.798,4.14e-06,0.0762,137.996,-6.25,0,11,221267,4
6NvRxjfYkkT2SpirAlmsjH,No One Knows,Queens of the Stone Age,0.0359,0.507,0.588,0.637,0.000129,0.0641,170.889,-4.881,1,0,278707,4
3kb72STxc2959ZqsTwu52i,Ain't No Rest for the Wicked,Cage The Elephant,0.0438,0.634,0.849,0.919,0.0,0.105,156.004,-7.075,1,0,175493,4
6hBij1Xr1s4zH9FbTKWK2w,Stood Up - Remastered,Ricky Nelson,0.109,0.532,0.567,0.951,5.35e-06,0.0404,182.997,-10.402,1,4,112733,4
5cqvx1MfoZNWgOXRwsY9KF,New Beginning,Veil of Visions,0.00018,0.424,0.916,0.233,0.552,0.0521,130.013,-7.136,0,1,421403,4
38YgZVHPWOWsKrsCXz6JyP,Come On Get Higher,Matt Nathanson,0.241,0.672,0.623,0.617,0.0,0.0297,92.018,-5.699,1,9,215173,4
2U64TRs9DKbGzs2fPxSGdx,Rescue Light,Hurricane on Saturn,0.00162,0.428,0.943,0.605,0.0,0.0798,152.041,-4.129,1,0,199737,4
3vsv6Nr4q5hYN9XEhzcdEK,Somebody That I Used To Know,Gotye,0.6,0.862,0.521,0.744,0.000215,0.0363,129.039,-6.976,1,0,244885,4
5MZLbo8x3xYGFmsV3aOuwu,Ride The Rainbow,After The End,0.558,0.575,0.609,0.694,0.0,0.0403,150.134,-7.116,1,9,130400,4
5mZ1zMXqPtZPFUMyGYizbJ,Field Trip,Plume Sonder,0.00708,0.482,0.756,0.275,7.23e-06,0.0314,95.072,-6.805,0,5,194584,4
3P4uUs9X0cPw7rf37NTndV,Children Of The Revolution,T. Rex,0.0465,0.538,0.652,0.785,0.0,0.052,130.398,-11.285,1,2,150187,4
61YdKaGYKiwJ8DDaxpSejv,Fuq The World,Greene,7.01e-05,0.436,0.862,0.145,0.117,0.175,146.702,-6.246,1,8,285687,4
2X485T9Z5Ly0xyaghN73ed,Let It Happen,Tame Impala,0.00462,0.602,0.881,0.577,0.0266,0.0443,125.012,-5.875,0,1,467587,4
291BqpvajWJ3GHiRMlHoQ2,SOS,Le$ter,0.227,0.553,0.879,0.611,0.0,0.305,169.726,-6.918,1,2,162377,4
0tDMn4F8OOD5j5OFrRW6m4,There She Goes,Sixpence None The Richer,0.0008,0.504,0.78,0.517,2.66e-05,0.0348,120.278,-6.757,1,10,163667,4
4K3nJ9UXumdvXUukaBIpSs,Somehow,Dweller-X,0.752,0.395,0.416,0.432,0.0,0.0287,110.064,-12.121,1,5,212825,4
6P7kZB7hSJFyaYJcu3cYQJ,Ballad Of A Southern Man,Whiskey Myers,0.432,0.605,0.53,0.38,0.0,0.0261,73.986,-6.566,1,7,220187,1
5XNpdKmlLJPUbwKQceX2tW,Little Wing,Stevie Ray Vaughan,0.362,0.475,0.383,0.524,0.749,0.0375,114.709,-14.202,1,1,408480,4
71iCLishjeRC9YLVf9BVIb,Tainted Love,Imelda May,0.137,0.494,0.924,0.738,0.0,0.114,174.903,-2.003,0,9,165586,4
5qm0KiVKMXW1kq6VrnIhz5,Cliffs Of Dover - Instrumental,Eric Johnson,0.162,0.449,0.775,0.313,0.149,0.0405,94.907,-12.029,1,7,249768,4
4RvWPyQ5RL0ao9LPZeSouE,Everybody Wants To Rule The World,Tears For Fears,0.347,0.645,0.795,0.535,0.00389,0.0527,112.067,-12.095,1,7,251489,4
2QMDyQ6ferEarOI7X778FW,Hard Row to Hoe,Whiskey Myers,0.000458,0.215,0.834,0.418,0.00127,0.0455,83.707,-4.064,1,7,266373,4
40riOy7x9W7GXjyGp4pjAv,Hotel California - 2013 Remaster,Eagles,0.00574,0.579,0.508,0.609,0.000494,0.027,147.125,-9.484,1,2,391376,4
2XBsQSZqHPPAtZpRG6TvIm,(We're Gonna) Rock Around The Clock - Single Version,Bill Haley & His Comets,0.354,0.799,0.646,0.763,8.41e-06,0.146,89.858,-12.579,0,1,132027,4
75qTWvk6QCGRr1V31Q41qz,Lonely East Texas Nights,Whiskey Myers,0.0241,0.532,0.726,0.319,4.18e-05,0.0267,130.087,-5.264,0,4,260800,4
6ADSaE87h8Y3lccZlBJdXH,With Or Without You,U2,0.000202,0.54,0.429,0.113,0.355,0.0285,110.171,-11.822,1,2,295516,4
7i6r9KotUPQg3ozKKgEPIN,Seven Nation Army,The White Stripes,0.00817,0.726,0.463,0.321,0.447,0.0799,123.881,-7.828,1,0,231733,4
1Eolhana7nKHYpcYpdVcT5,Little Wing,Jimi Hendrix,0.181,0.515,0.534,0.426,0.00278,0.0768,70.776,-8.045,1,6,145747,4
5EWPGh7jbTNO2wakv8LjUI,Free Bird,Lynyrd Skynyrd,0.0742,0.249,0.834,0.337,9.69e-05,0.0574,118.222,-8.21,1,0,547107,4
756ziR2z4iXkK35qwBLUiY,I Forgot To Be Your Lover,The Black Keys,0.0261,0.342,0.786,0.467,0.000112,0.0441,141.751,-2.546,0,4,147986,4
1Se0r96r0gnqg67kJPmESc,Parallel Universe,Red Hot Chili Peppers,0.00107,0.343,0.983,0.186,0.296,0.212,124.536,-2.359,0,0,269360,4
1D066zixBwqFYqBhKgdPzp,Fergalicious,Fergie,0.0569,0.906,0.583,0.829,0.0,0.317,129.056,-7.721,0,8,292373,4
6ewN9MaFbi78oDLT9wYDgn,Ghost Town,The Specials,0.0493,0.664,0.765,0.907,0.333,0.0507,73.676,-9.454,0,10,219307,4
4k4NsbA93OZuPIoUNUXDXs,Baby Come Back,Tom Morgan,0.608,0.549,0.543,0.401,0.0,0.113,88.825,-6.205,0,11,194627,4
7M7AwtGvWdMYudqx5Iuh1m,Althea - 2013 Remaster,Grateful Dead,0.679,0.783,0.284,0.583,0.285,0.0365,82.676,-14.307,1,9,412596,4
0mflMxspEfB0VbI1kyLiAv,Stick Season,Noah Kahan,0.799,0.664,0.5,0.801,0.0,0.0651,117.896,-6.935,1,9,182347,4
6ebvdlIR40XxBeJKKmhki1,Back There Now,Tom Morgan,0.292,0.781,0.49,0.682,0.0,0.0512,104.986,-7.328,1,6,158297,4
0xMEF2WiqKWTIG7Krjungw,The Distance,CAKE,0.00795,0.463,0.749,0.888,0.00221,0.0894,183.054,-8.118,0,11,179653,4
6L89mwZXSOwYl76YXfX13s,Basket Case,Green Day,0.00293,0.442,0.943,0.781,8.71e-06,0.0602,85.064,-3.205,1,3,181533,4
10BQIOZ8dhGwOOGBVA97qz,Always The Sun - Sunny Side Up Mix,The Stranglers,0.00585,0.561,0.868,0.795,0.0275,0.0464,133.362,-4.146,1,2,243053,4
4pbJqGIASGPr0ZpGpnWkDn,We Will Rock You - Remastered 2011,Queen,0.676,0.692,0.497,0.475,0.0,0.119,81.308,-7.316,1,2,122067,4
6fybp4N6eW3bsFAvARxyVe,Ain't Talkin' 'Bout Love - 2015 Remaster,Van Halen,0.021,0.518,0.938,0.71,0.000305,0.0416,139.138,-5.964,0,8,227800,4
3Oh65kNgVezqIUCHd7EKiQ,Marlboro Man,Kaleb Sanders,0.42,0.768,0.72,0.844,0.0,0.0328,118.028,-7.042,1,7,200420,4
3HMY0r2BAdpasXMY8rseR0,Too Sweet,Hozier,0.0295,0.741,0.62,0.934,0.000809,0.0412,117.038,-5.505,1,10,251424,4
2TwkpBaRziwFi22oS1rWO5,Honey Don't,Carl Perkins,0.555,0.716,0.718,0.927,2.61e-05,0.0473,87.493,-7.459,1,4,169421,4
6xBLtOsKoqt22G3smOAQy6,Hard Headed Woman,Wanda Jackson,0.548,0.603,0.916,0.874,0.000514,0.0819,83.284,-4.922,1,4,119387,4
1WaODWXcPAcwLkektWxJkK,Aggressive Sales Tactics,Jimmy & the Veil,0.00386,0.52,0.948,0.694,5.21e-06,0.0638,156.97,-5.53,1,7,246833,4
1aR6KEUmuCvrI5Q7LhmQLN,That Certain Female,Charlie Feathers,0.0245,0.637,0.626,0.655,0.00609,0.102,93.447,-7.332,1,11,181293,4
1lNEXDlxVhsWaq2DLBUDgC,simple times,Kacey Musgraves,0.628,0.654,0.713,0.694,0.0,0.0846,80.043,-6.484,0,1,167120,4
1jl73JTJK2Co7LA20uqEjn,Pretty Things,Legend Dave,0.892,0.791,0.166,0.22,4.92e-05,0.0493,95.938,-9.721,1,7,173750,4
3sHH7lklbfpcraDDvYnjo7,Bat Country,Avenged Sevenfold,0.000248,0.541,0.968,0.505,8.28e-06,0.0396,125.04,-4.129,1,0,311813,4
23T0OX7QOiIUFShSzbJ5Uo,I Hope,Gabby Barrett,0.0951,0.466,0.536,0.377,0.0,0.0429,75.998,-6.227,1,6,210773,4
5kj1AhJxSUums4ddBEaMhT,Here With Me,Dido,0.0876,0.551,0.578,0.364,7.73e-06,0.0273,83.358,-7.973,0,11,255427,4
2YTrgbxNPcqzSXQY9acap9,Clouds & Cream,Sticky Fingers,0.0816,0.659,0.89,0.612,2.69e-05,0.057,90.005,-8.446,1,6,174347,4
0tZIR4O5WX47JBC1TCcxxY,Frogman,Whiskey Myers,0.0277,0.362,0.826,0.596,0.0,0.0449,147.204,-5.416,1,0,218897,4
5Kpg1A7BOHpBbaT3H3xqd3,GOOD TIME,Niko Moon,0.0874,0.802,0.59,0.687,0.0,0.0493,138.084,-7.189,1,5,214720,4
0mF5QmsOJq5w3FqGMjycII,Shout To The Top - USA Remix,The Style Council,0.0423,0.689,0.95,0.899,0.000714,0.101,143.738,-5.86,1,7,257480,4
19tX1FQzyhr4SFxNJJwaQZ,Charlie,Kill The Sirens,0.00206,0.557,0.552,0.553,0.0,0.0737,152.202,-14.997,1,2,153061,4
5wj4E6IsrVtn8IBJQOd0Cl,Wonderwall (Remastered),Oasis,0.000453,0.372,0.865,0.478,0.0,0.0381,174.53,-4.918,1,2,258733,4
6CCcab1AlRegusqwa1hE7E,Desire Be Desire Go - Live,Tame Impala,0.0288,0.145,0.845,0.486,0.000423,0.0565,149.816,-4.819,1,8,324140,4
2hvOsGJc6qll4WzW8Ljqc3,Brass in Pocket - 2006 Remaster,Pretenders,0.368,0.751,0.703,0.907,0.00123,0.0287,97.931,-5.687,1,9,185960,4
2Kswx7uqYm3hwBqljstIT3,Other Side,Whiskey Myers,0.00753,0.522,0.829,0.54,0.0,0.0338,116.879,-4.46,0,3,287000,4
0Lx4qHJ7ZBoSZvc704wsDd,Twenty Flight Rock,Eddie Cochran,0.213,0.643,0.771,0.912,0.0,0.213,105.822,-8.659,1,9,105773,4
0L7zm6afBEtrNKo6C6Gj08,Painkiller,Judas Priest,0.000195,0.435,0.987,0.1,0.0879,0.16,103.162,-4.667,0,1,365827,4
2Zj4FUsMtu9PMuJsHbGbdv,Applause,Lady Gaga,0.0265,0.669,0.78,0.738,1.63e-06,0.053,139.945,-4.287,0,7,212333,4
0gmbgwZ8iqyMPmXefof8Yf,How You Remind Me,Nickelback,0.00135,0.446,0.764,0.543,0.0,0.033,172.094,-5.042,1,10,223840,4
7KEajVD9AUG68onXRSFZTv,Human,The Killers,0.0018,0.557,0.824,0.611,0.000542,0.0776,135.446,-6.947,1,10,245360,4
7eFmN6wnsb7WowRKAqRFfs,Wait,Maroon 5,0.0835,0.648,0.608,0.488,0.0,0.0587,126.12,-5.16,1,8,190643,4
3ZpQiJ78LKINrW9SQTgbXd,All I Wanna Do,Sheryl Crow,0.107,0.82,0.528,0.926,0.0188,0.032,120.089,-11.18,1,9,272107,4
6dwkFmLUz6hx2CZG2EqLol,Collide,Howie Day,0.222,0.636,0.625,0.342,5.35e-05,0.0277,93.931,-7.895,1,11,249120,4
4QJLKU75Rg4558f4LbDBRi,If Today Was Your Last Day,Nickelback,8.67e-05,0.485,0.911,0.568,0.0,0.0355,89.956,-5.749,1,3,249067,4
0CAfXk7DXMnon4gLudAp7J,Low (feat. T-Pain),Flo Rida,0.0928,0.918,0.609,0.304,0.0,0.0791,128.008,-5.64,0,10,231400,4
1xW9HHRQe8MMGF8SBNgkBY,The Thrill Is Gone,B.B. King,0.0934,0.692,0.493,0.28,0.00166,0.0325,86.644,-9.662,0,9,301133,4
27L8sESb3KR79asDUBu8nW,Stacy's Mom,Fountains Of Wayne,0.00207,0.774,0.75,0.927,1.78e-05,0.0412,118.015,-4.927,0,11,197987,4
5jt2cfZCz9L0f3LqAgktSs,Rockin' the Night Away,The Jetaways,0.39,0.4,0.854,0.943,2.55e-05,0.0511,180.36,-3.508,0,2,173867,4
03lelZiWkErHMC0LPU3nXC,Girl on the Screen,Johnny Fialdini,0.00736,0.549,0.847,0.443,2.22e-05,0.0344,141.959,-5.927,0,9,305184,4
0ExIWTffDUVQkBThvZ6L7T,DEMIGOD,Tongfei,0.000466,0.39,0.738,0.133,0.847,0.0371,148.13,-8.731,1,7,189484,4
2tCeS9FTQ3GV5Uss85erTA,Daydreaming,Ocean Alley,0.000435,0.484,0.792,0.74,0.00557,0.043,120.063,-5.967,0,5,345838,4
2zYzyRzz6pRmhPzyfMEC8s,Highway to Hell,AC/DC,0.061,0.574,0.913,0.423,0.00158,0.133,115.728,-4.793,0,6,208400,4
2uLx3Gka9TGCz9Zgu7Uwav,Whiskey In The Jar,Thin Lizzy,0.531,0.557,0.693,0.749,0.00141,0.0449,127.531,-11.044,1,7,345187,4
3dj4wgM3cPeuLwMNHDuBon,The Door,Teddy Swims,0.0193,0.731,0.861,0.759,0.0,0.0532,127.922,-5.483,0,8,212649,4
5kNe7PE09d6Kvw5pAsx23n,Die A Happy Man,Thomas Rhett,0.418,0.595,0.389,0.4,1.39e-06,0.0349,166.049,-9.245,1,2,227427,4
33LfsAZ4kCfD90A3Zwp4sk,Don't Go,Hothouse Flowers,0.429,0.518,0.825,0.673,6.49e-05,0.033,130.342,-8.768,1,9,229480,4
49wHCjiu34kM3VRgumQ1tJ,Echo Beach,Martha and the Muffins,0.13,0.54,0.746,0.826,8.73e-06,0.045,163.809,-9.412,1,7,219867,4
5owjUauKf4bWs7wFSvdjHG,The Train Kept A Rollin' - Johnny Burnette And The Rock And Roll Trio,Johnny Burnette & The Rock 'N' Roll Trio,0.669,0.558,0.572,0.944,0.0,0.071,168.33,-12.071,0,11,134000,4
0wXuerDYiBnERgIpbb3JBR,Redbone,Childish Gambino,0.169,0.743,0.344,0.577,0.00879,0.118,160.15,-11.174,1,1,326933,4
2RlgNHKcydI9sayD2Df2xp,Mr. Blue Sky,Electric Light Orchestra,0.652,0.388,0.338,0.478,3.73e-06,0.0329,177.765,-10.054,1,10,303373,4
3rPipeb9NtAOwOi3lfFIvB,Mirage,Veil of Visions,0.0279,0.506,0.929,0.224,0.572,0.0422,129.986,-7.648,0,1,378942,4
3oAmGK1llTX4FydteQrBJo,From Beginning to the End,Saint Social,0.00717,0.524,0.91,0.439,0.0,0.0464,136.962,-3.881,1,4,231000,4
08mG3Y1vljYA6bvDt4Wqkj,Back In Black,AC/DC,0.011,0.31,0.7,0.763,0.00965,0.047,188.386,-5.678,1,9,255493,4
3Ve0QyVdjYyLNlXQE71uWN,Spit on My Rubber,Bloodshot Bill,0.714,0.548,0.935,0.906,3.91e-05,0.0939,98.476,-3.383,1,4,117000,4
7gb626DDDHoiuVAGZEnlJk,Geno - 2000 Remaster,Dexys Midnight Runners,0.688,0.481,0.6,0.818,0.00633,0.0801,124.637,-8.722,1,6,207227,4
438vUEGelu4tlrZB6i5nmc,Smooth Song,Digital Zero,0.813,0.537,0.329,0.305,0.000722,0.0298,109.167,-10.012,0,3,149725,4
0NNep3grWO95CVGp04gMM4,"Always with Me, Always with You",Joe Satriani,0.484,0.575,0.295,0.394,0.703,0.0326,144.366,-12.584,1,11,202533,3
3YuaBvuZqcwN3CEAyyoaei,Like a Stone,Audioslave,0.00797,0.614,0.568,0.516,0.0,0.0276,107.849,-5.477,0,7,293960,4
1hwN2eAwsXgktvw9Qe8TrP,Photograph,Ringo Starr,0.0155,0.617,0.696,0.9,0.000199,0.0282,111.136,-12.739,1,4,239760,4
0PNt5WTw092eED0ru9SuIp,Romeo And Juliet,Dire Straits,0.546,0.613,0.441,0.525,0.0132,0.0309,87.573,-11.999,1,5,360667,4
7zAt4tdL44D3VuzsvM0N8n,Afterlife,Avenged Sevenfold,0.000429,0.487,0.949,0.406,2.91e-05,0.0798,110.02,-4.217,0,2,352427,4
0bVtevEgtDIeRjCJbK3Lmv,Welcome To The Jungle,Guns N' Roses,0.0235,0.447,0.954,0.331,0.403,0.0751,123.453,-8.069,1,8,272027,4
5NhlpQ6BOIz3S5welptk1W,Sober,Childish Gambino,0.124,0.707,0.562,0.418,1.58e-05,0.0305,98.094,-7.621,1,0,252026,4
2gnJqlXhu8lX3c4IiNz9U1,Tres Princes,CuVa Bimö,4.55e-05,0.388,0.866,0.42,0.949,0.0707,149.985,-9.584,1,7,216100,4
3YgSfn1qrQLcBZYwmFFtmz,Scratching Circles,JD McPherson,0.805,0.43,0.75,0.95,0.0,0.144,181.184,-6.652,1,2,130400,4
75pVSv5JoVT1bRrtayI1ye,Salvation for Few,Skags,0.000631,0.572,0.558,0.326,0.0183,0.0306,124.98,-8.567,0,1,278613,4
0LHzd11GIXVmND7TfQnGiy,Bennie And The Jets,Elton John,0.301,0.657,0.724,0.755,5.44e-06,0.0649,131.912,-7.465,1,0,323453,4
3f12gQZEQULmbi4KCvhPjS,Broken Earth,Armand,0.0,0.402,0.977,0.0399,0.747,0.0677,102.58,-7.251,0,11,265491,4
37PW5zbkDIya8arHEHEo6q,Yellow Mellow,Ocean Alley,0.0231,0.493,0.852,0.499,9.72e-06,0.0802,86.309,-3.349,0,11,225656,4
7ELuWpsuVCRBnOR9ZAZKDp,Back To Life (However Do You Want Me),Soul II Soul,0.0678,0.819,0.611,0.653,7.81e-05,0.129,101.003,-7.428,1,7,232133,4
1fidCEsYlaVE3pHwKCvpFZ,Am I Wrong,Nico & Vinz,0.175,0.729,0.675,0.779,1.58e-06,0.0312,119.968,-6.003,1,8,245867,4
0LnkNEgEXv83bVVvgnB9Et,Come As You Are,Nirvana,8.38e-05,0.49,0.835,0.519,0.00373,0.0332,119.92,-6.323,0,4,219040,4
1xDFd7GVYCsVFv1xeiF3QC,Breaking Apart,Icy Lane,1.91e-06,0.483,0.857,0.199,0.789,0.0361,117.912,-6.796,1,10,208475,4
6nRwc5GgNvBMkKaynhQzrm,What Do You Mean?,Justin Bieber,0.65,0.841,0.571,0.772,0.00033,0.102,125.032,-8.066,0,5,207547,4
230q1mJQcafr2H7Nzagby3,Oh Boy!,Buddy Holly,0.782,0.549,0.625,0.874,0.0,0.0436,96.971,-7.34,1,9,127680,4
4RS9PmtHQe7I0o5fEeweOY,Dance the Night Away - 2015 Remaster,Van Halen,0.0373,0.548,0.843,0.719,1.26e-06,0.0597,129.661,-7.32,1,8,188084,4
31AOj9sFz2gM0O3hMARRBx,Losing My Religion,R.E.M.,0.179,0.666,0.855,0.803,1.2e-06,0.0295,125.639,-5.051,0,9,268427,4
0FWXTmiiYDQ9Mk2kZrbU7l,Bop-a-lena,Ronnie Self,0.707,0.598,0.579,0.962,0.01,0.059,98.063,-17.889,1,0,122865,4
4guQztGKAETkvuTekNeqBe,You're Still The One,Teddy Swims,0.531,0.546,0.44,0.24,2.77e-05,0.0273,133.886,-6.668,1,1,196413,4
4yZYolqyUgoGxSCoKZuYjN,Don't Know Why,Norah Jones,0.877,0.739,0.199,0.631,1.23e-05,0.028,88.466,-11.763,1,5,186160,4
49FYlytm3dAAraYgpoJZux,Umbrella,Rihanna,0.00906,0.585,0.828,0.584,0.0,0.124,174.034,-4.603,1,1,275987,4
58XlqNcEkJg5tYgNpDukAa,It's Time!,Big Sandy & His Fly-Rite Boys,0.589,0.751,0.85,0.849,5.28e-06,0.0895,104.798,-7.186,1,7,173693,4
0lP4HYLmvowOKdsQ7CVkuq,The Kill,Thirty Seconds To Mars,0.0014,0.179,0.912,0.289,0.000294,0.0791,182.99,-3.881,0,4,231533,3
2JAf4C2jcUAGixxywJEUvm,Walkin' On The Sun,Smash Mouth,0.498,0.734,0.977,0.967,0.0,0.0319,123.29,-4.756,1,6,206413,4
50ZdAbhcCWvTG6EiEQ1fBy,Thought You Knew,Freezemachine,0.00271,0.419,0.761,0.363,0.572,0.0528,81.018,-4.047,1,8,210733,4
6TSBIfIbxuPDi1uqMqy1iV,Wishing Well,Free,0.14,0.498,0.72,0.576,0.000252,0.0674,121.892,-10.533,0,4,220147,4
6GnhWMhgJb7uyiiPEiEkDA,Weekend (feat. Miguel),Mac Miller,0.47,0.843,0.435,0.19,0.0,0.178,120.058,-8.442,1,8,208080,4
6wO13Xb3EdHUNixFOEJ0KV,Whole Lot of Shakin' Going On,Jerry Lee Lewis,0.832,0.377,0.626,0.678,6.46e-05,0.033,161.468,-9.662,1,0,172400,4
08ji91AhXdoLN7HT8JnVuj,Decay,Tim Blast,0.00156,0.408,0.868,0.146,0.8,0.0906,75.969,-9.158,1,8,286974,4
1TfqLAPs4K3s2rJMoCokcS,Sweet Dreams (Are Made of This) - Remastered,Eurythmics,0.225,0.692,0.711,0.875,0.0,0.0317,125.135,-7.498,0,0,216933,4
1j4zL8dxd2CVUlsavdFyIH,Matchbox - Live,Jeff Beck,0.0509,0.479,0.835,0.693,0.00818,0.0508,92.455,-7.925,1,2,145973,4
4S7YHmlWwfwArgd8LfSPud,L$D,A$AP Rocky,0.194,0.598,0.252,0.0352,0.133,0.0644,120.064,-15.086,1,2,238307,4
31L9yLXSj6LpCFupyMV6CR,Up&Up,Coldplay,0.0488,0.479,0.717,0.253,0.000333,0.0605,163.989,-5.459,1,7,405320,4
6vKSrqeuPqnlsqDbBj6F3n,Sir Duke,Stevie Wonder,0.157,0.583,0.546,0.952,0.0,0.0742,106.65,-10.885,1,6,232093,4
7mNNBUFFMOnWtGkNvenGtT,Kissin' at a Red Light,Levi Blom,0.0159,0.539,0.85,0.475,0.0104,0.0405,139.992,-6.908,1,11,210401,4
5FQdAbZKZWwgeWTqTFVVMo,Angie - Remastered,The Rolling Stones,0.612,0.441,0.466,0.464,7.37e-05,0.0284,139.07,-9.101,0,9,271293,4
1mea3bSkSGXuIRvnydlB5b,Viva La Vida,Coldplay,0.0954,0.486,0.617,0.417,3.23e-06,0.0287,138.015,-7.115,0,5,242373,4
57bgtoPSgt236HzfBOd8kj,Thunderstruck,AC/DC,0.000147,0.502,0.89,0.259,0.0117,0.0364,133.52,-5.175,1,4,292880,4
1zU0kAJdEPyRs4x5gkQQER,Up The Junction,Squeeze,0.359,0.498,0.536,0.886,0.000106,0.0533,120.704,-12.974,1,9,191320,4
7MoKXLQeI0Bh2QodCjDO4K,Can't Get You out of My Head,Kylie Minogue,0.0263,0.766,0.563,0.964,0.683,0.0339,126.007,-7.516,0,9,230640,4
4aUCPal9bxTnQkEfdIY6sG,Jamming,Bob Marley & The Wailers,0.129,0.941,0.462,0.758,9.91e-05,0.282,123.674,-11.029,0,11,211427,4
07I73OcZ1dTXd0WmtSNfKk,Colloquy,Whiskey Myers,0.481,0.232,0.489,0.0913,0.000947,0.0298,142.606,-7.936,1,0,372627,3
15mlPrdH10GLQJafz07Q8X,Casey Jones - 2001 Remaster,Grateful Dead,0.553,0.681,0.447,0.746,4.36e-06,0.0477,99.418,-8.83,1,0,265640,4
0E5ZrgbRKXwGvNhwzRaDGL,Late To The Party,Kacey Musgraves,0.692,0.753,0.454,0.685,1.21e-06,0.0258,105.997,-9.074,1,1,217880,4
0ee0dJFltwPOfk6UMYMhLE,"God Is Dead, Therefore I Am",Critchley & Simmons,0.541,0.779,0.435,0.521,0.0494,0.0354,109.027,-9.473,1,10,224450,4
2aPTvyE09vUCRwVvj0I8WK,Sundress,A$AP Rocky,0.181,0.721,0.707,0.743,3.68e-06,0.0595,125.005,-6.364,1,6,158206,4
3DWOTqMQGp5q75fnVsWwaN,Hey There Delilah - Bonus Track,Plain White T's,0.831,0.522,0.453,0.306,1.21e-06,0.0295,103.879,-7.859,1,2,233280,4
5jzma6gCzYtKB1DbEwFZKH,London Calling - Remastered,The Clash,0.123,0.651,0.801,0.776,0.0,0.0514,133.769,-7.34,1,0,200480,4
74OM3C59TFlkmQ9ZdFav3b,蟬桜 ~Cicada's Sakura~,奈落(the Naraka),0.000114,0.433,0.95,0.147,0.00235,0.0936,110.054,-5.402,1,2,236565,4
2bBAAVvOHsr7vxWFTuYxH8,Under a Glass Moon,Dream Theater,5.68e-05,0.506,0.852,0.591,0.0945,0.0488,145.685,-9.989,0,1,423240,4
7o2CTH4ctstm8TNelqjb51,Sweet Child O' Mine,Guns N' Roses,0.0866,0.454,0.91,0.629,0.0996,0.0448,125.116,-7.766,1,6,354520,4
64pGB9FHgZsu60aNC3mK9s,OMG,Suki Waterhouse,0.0364,0.547,0.693,0.296,3.76e-05,0.0282,105.904,-4.946,0,6,178570,4
1DTylFcTmcymmU7rXOtqf4,AI After All,Braxill,0.263,0.359,0.742,0.539,0.0,0.059,115.152,-6.056,1,1,192656,4
7M4kKZNFtLmAwZHoeqWznK,No Contact,Bruklin,0.00831,0.741,0.789,0.818,1.09e-06,0.0448,110.105,-2.484,1,8,171273,4
7mnGQesk1TzQLzQ9bYWZPR,She's so High,Tal Bachman,0.2,0.537,0.84,0.211,2.15e-06,0.0363,124.269,-4.626,1,9,224693,4
199XYtPsVdthxoxZzqIoND,Black Star,Yngwie Malmsteen,0.00337,0.313,0.742,0.5,0.111,0.0507,146.103,-13.929,1,11,291133,4
3AFeX7RsYJzNKChOTA3vPf,Fell in Love with a Girl,The White Stripes,0.692,0.252,0.977,0.459,0.000426,0.135,94.885,-1.663,0,9,111133,4
1WERWWhiCaVUS2GFdDYUHG,And we'd be lovers (down down down),Halcyon Hope,0.000108,0.368,0.669,0.14,6.26e-05,0.0277,93.976,-6.096,1,6,265691,4
6WE7jSshLCuVKoCmobVKVf,Heartbreaker - 1990 Remaster,Led Zeppelin,0.0746,0.403,0.709,0.654,0.494,0.0885,97.161,-9.366,1,9,254133,4
3Vr3zh0r7ALn8VLqCiRR10,Stargazing,Myles Smith,0.246,0.635,0.601,0.332,0.0,0.0295,123.994,-6.129,0,1,172533,4
4HYlElAQFyeVZxLTtB32o1,Deep Down in the South,Whiskey Myers,0.0131,0.386,0.642,0.643,0.0,0.0372,92.507,-6.052,1,0,201767,4
3qT4bUD1MaWpGrTwcvguhb,Black Dog - Remaster,Led Zeppelin,0.396,0.437,0.864,0.749,0.0314,0.0904,81.394,-7.842,0,4,295387,4
6pnwfWyaWjQiHCKTiZLItr,Shine On You Crazy Diamond (Pts. 1-5),Pink Floyd,0.772,0.264,0.294,0.0402,0.686,0.028,137.937,-11.941,0,7,811077,3
1f3yAtsJtY87CTmM8RLnxf,Smells Like Teen Spirit,Nirvana,2.55e-05,0.502,0.912,0.72,0.000173,0.0564,116.761,-4.556,1,1,301920,4
0t88RKYmXAUsk99M2ZQpl0,Love Makes the World Go Round,Jets,0.132,0.702,0.754,0.702,0.0348,0.05,98.858,-10.506,1,1,183773,4
2NQzj8czPzUw9ufCOvAT8W,Sunlight,The Hourglass Effect,0.000202,0.396,0.905,0.598,0.191,0.0738,160.003,-6.436,1,8,266359,4
0lIoY4ZQsdn5QzhraM9o9u,Because the Night,Patti Smith,0.0542,0.466,0.763,0.473,0.0,0.0391,123.539,-7.748,0,11,204800,4
4zn0kScuV9Oj28d4g9CQQs,Jamming,Bob Marley & The Wailers,0.102,0.934,0.467,0.73,3.98e-05,0.307,123.583,-10.99,0,11,211000,4
5X0Bw8bVxSm274py1RyosM,We the Boys Will Rock Ya,The Big Six,0.342,0.742,0.62,0.57,0.0,0.0853,106.341,-5.388,0,11,212067,4
5MMnwYs0hIxkENRsbkWJ2G,Smoke On The Water - Remastered 2012,Deep Purple,0.13,0.598,0.676,0.805,0.225,0.0279,114.169,-9.211,1,0,340742,4
6QgjcU0zLnzq5OrUoSZ3OK,Feel It Still,Portugal. The Man,0.0417,0.801,0.795,0.754,0.000113,0.0504,79.028,-5.115,0,1,163253,4
56Fezv0VTjNM2KEs510dgK,V's Kabuki - Cho,奈落(the Naraka),0.000163,0.416,0.966,0.214,0.000488,0.128,150.015,-2.908,1,1,260832,4
